GENESIS-Tabelle: 33111-02-01-4;;;;;;;;;
Siedlungsfläche nach Art der tatsächlichen Nutzung - Stichtag 31.12. - Kreise und kreisfr. Städte (ab 2016);;;;;;;;;
;;;Insgesamt;Insgesamt2;wohnen;Flaeche gemischt;Flaeche besonders;Freizeit1;Freizeit
31.12.2018;DG;Deutschland;35758154;3326797;1375149;439089;172694;518793;310235
31.12.2018;1;  Schleswig-Holstein;1580430;142436;68259;22575;6861;18656;8633
31.12.2018;1001;      Flensburg, Kreisfreie Stadt;5673;2217;1155;54;209;220;146
31.12.2018;1002;      Kiel, Landeshauptstadt, Kreisfreie Stadt;11865;4742;2149;266;627;713;502
31.12.2018;1003;      Lübeck, Hansestadt, Kreisfreie Stadt;21419;6073;2590;285;403;1268;961
31.12.2018;1004;      Neumünster, Kreisfreie Stadt;7166;2943;1410;179;199;385;290
31.12.2018;1051;      Dithmarschen, Landkreis;142817;10326;4869;2423;345;785;214
31.12.2018;1053;      Herzogtum Lauenburg, Landkreis;126307;9740;5266;1244;341;1188;501
31.12.2018;1054;      Nordfriesland, Landkreis;208355;13542;6519;2804;710;1620;707
31.12.2018;1055;      Ostholstein, Landkreis;139302;11870;5761;1611;641;2335;993
31.12.2018;1056;      Pinneberg, Landkreis;66425;11051;5838;1275;584;1505;637
31.12.2018;1057;      Plön, Landkreis;108356;7264;3472;1379;291;1270;465
31.12.2018;1058;      Rendsburg-Eckernförde, Landkreis;218979;16553;7672;2855;744;2215;914
31.12.2018;1059;      Schleswig-Flensburg, Landkreis;207128;14650;6781;3166;568;1289;596
31.12.2018;1060;      Segeberg, Landkreis;134447;13170;6004;1921;636;1668;626
31.12.2018;1061;      Steinburg, Landkreis;105570;8193;3736;1719;268;708;352
31.12.2018;1062;      Stormarn, Landkreis;76621;10102;5037;1395;295;1489;729
31.12.2018;2;  Hamburg;75509;35073;16803;1871;2379;6423;5013
31.12.2018;3;  Niedersachsen;4770950;446571;204855;61458;19318;53375;27653
31.12.2018;31;    Braunschweig, Stat. Region;811709;72082;34047;4361;3255;11237;6841
31.12.2018;3101;      Braunschweig, Kreisfreie Stadt;19270;6562;2753;66;537;1450;1124
31.12.2018;3102;      Salzgitter, Kreisfreie Stadt;22449;4710;1655;102;177;717;516
31.12.2018;3103;      Wolfsburg, Kreisfreie Stadt;20461;4659;2062;88;232;969;750
31.12.2018;3151;      Gifhorn, Landkreis;156745;10835;5311;1265;393;1402;444
31.12.2018;3152;      Göttingen, Landkreis;-;-;-;-;-;-;-
31.12.2018;3153;      Goslar, Landkreis;96672;6890;3293;310;377;960;486
31.12.2018;3154;      Helmstedt, Landkreis;67615;5461;2404;347;175;615;348
31.12.2018;3155;      Northeim, Landkreis;126876;7210;3600;671;218;1184;678
31.12.2018;3156;      Osterode am Harz, Landkreis;-;-;-;-;-;-;-
31.12.2018;3157;      Peine, Landkreis;53650;6556;3372;426;174;858;537
31.12.2018;3158;      Wolfenbüttel, Landkreis;72430;5353;2804;400;219;872;565
31.12.2018;3159;      Göttingen, Landkreis;175541;13845;6792;684;754;2209;1393
31.12.2018;32;    Hannover, Stat. Region;906475;93841;42653;9708;4247;13275;7755
31.12.2018;3241;      Region Hannover, Landkreis;229713;35563;16051;1636;2238;6507;3965
31.12.2018;3241001;      Hannover, Landeshauptstadt;20430;10741;3869;28;1074;2819;2273
31.12.2018;3251;      Diepholz, Landkreis;199101;16119;7059;3299;419;1363;706
31.12.2018;3252;      Hameln-Pyrmont, Landkreis;79754;7040;3517;534;323;1195;687
31.12.2018;3254;      Hildesheim, Landkreis;120833;11616;5577;845;512;1847;1202
31.12.2018;3255;      Holzminden, Landkreis;69427;4153;1942;312;136;708;400
31.12.2018;3256;      Nienburg (Weser), Landkreis;140082;11243;3942;2301;345;875;418
31.12.2018;3257;      Schaumburg, Landkreis;67565;8107;4564;781;274;780;377
31.12.2018;33;    Lüneburg, Stat. Region;1554141;115573;56927;17437;5689;12975;4583
31.12.2018;3351;      Celle, Landkreis;155082;11406;5664;1067;633;1463;464
31.12.2018;3352;      Cuxhaven, Landkreis;205896;15276;7200;3382;660;1589;611
31.12.2018;3353;      Harburg, Landkreis;124845;14438;8519;1272;459;1755;493
31.12.2018;3354;      Lüchow-Dannenberg, Landkreis;122716;4999;2684;855;157;429;180
31.12.2018;3355;      Lüneburg, Landkreis;132780;9932;5124;1148;569;1424;652
31.12.2018;3356;      Osterholz, Landkreis;65267;7111;3966;1171;448;685;181
31.12.2018;3357;      Rotenburg (Wümme), Landkreis;207478;14365;6525;2494;644;1368;442
31.12.2018;3358;      Heidekreis, Landkreis;188145;11758;4660;1698;1280;1690;574
31.12.2018;3359;      Stade, Landkreis;126738;11378;5210;1931;312;867;343
31.12.2018;3360;      Uelzen, Landkreis;146259;7093;3344;1324;271;882;373
31.12.2018;3361;      Verden, Landkreis;78933;7816;4030;1096;255;821;269
31.12.2018;34;    Weser-Ems, Stat. Region;1498625;165076;71228;29952;6126;15888;8473
31.12.2018;3401;      Delmenhorst, Kreisfreie Stadt;6245;2418;1436;94;190;205;131
31.12.2018;3402;      Emden, Kreisfreie Stadt;11234;2225;852;80;85;268;169
31.12.2018;3403;      Oldenburg (Oldenburg), Kreisfreie Stadt;10309;4743;2869;57;307;587;453
31.12.2018;3404;      Osnabrück, Kreisfreie Stadt;11980;4540;2177;123;354;564;401
31.12.2018;3405;      Wilhelmshaven, Kreisfreie Stadt;10707;3644;1197;71;385;511;378
31.12.2018;3451;      Ammerland, Landkreis;73064;9259;4334;1665;255;1013;534
31.12.2018;3452;      Aurich, Landkreis;128735;13709;7440;1891;478;1434;781
31.12.2018;3453;      Cloppenburg, Landkreis;142035;15723;4705;3904;252;1524;1028
31.12.2018;3454;      Emsland, Landkreis;288366;27126;9329;5740;945;2135;807
31.12.2018;3455;      Friesland, Landkreis;60953;7071;3525;904;644;884;511
31.12.2018;3456;      Grafschaft Bentheim, Landkreis;98179;10252;3451;2413;244;1008;506
31.12.2018;3457;      Leer, Landkreis;108572;11266;6728;1615;365;711;372
31.12.2018;3458;      Oldenburg, Landkreis;106484;10452;4611;2107;252;1315;494
31.12.2018;3459;      Osnabrück, Landkreis;212181;20760;9334;4411;545;1782;806
31.12.2018;3460;      Vechta, Landkreis;81420;10117;3604;2628;282;847;483
31.12.2018;3461;      Wesermarsch, Landkreis;82478;6897;3206;1300;167;789;499
31.12.2018;3462;      Wittmund, Landkreis;65686;4873;2432;949;375;312;122
31.12.2018;4;  Bremen;41995;18496;6900;785;1325;3945;3116
31.12.2018;4011;      Bremen, Kreisfreie Stadt;32618;15140;5610;696;1095;3256;2554
31.12.2018;4012;      Bremerhaven, Kreisfreie Stadt;9377;3357;1290;89;230;689;561
31.12.2018;5;  Nordrhein-Westfalen;3411231;565798;243576;69826;32206;84455;54251
31.12.2018;51;    Düsseldorf, Regierungsbezirk;529218;137318;55060;13619;8503;24601;16541
31.12.2018;5111;      Düsseldorf, Kreisfreie Stadt;21741;9634;3586;760;845;2090;1480
31.12.2018;5112;      Duisburg, Kreisfreie Stadt;23280;11016;3872;578;682;2130;1530
31.12.2018;5113;      Essen, Kreisfreie Stadt;21034;11168;4595;419;944;2506;1975
31.12.2018;5114;      Krefeld, Kreisfreie Stadt;13777;6124;2322;442;368;1290;887
31.12.2018;5116;      Mönchengladbach, Kreisfreie Stadt;17047;6470;2714;495;917;1031;731
31.12.2018;5117;      Mülheim an der Ruhr, Kreisfreie Stadt;9128;3855;1805;244;198;731;483
31.12.2018;5119;      Oberhausen, Kreisfreie Stadt;7709;4312;1908;195;268;884;677
31.12.2018;5120;      Remscheid, Kreisfreie Stadt;7452;2579;1101;266;173;425;357
31.12.2018;5122;      Solingen, Kreisfreie Stadt;8954;3492;1882;249;196;501;388
31.12.2018;5124;      Wuppertal, Kreisfreie Stadt;16839;6530;2805;544;413;1199;941
31.12.2018;5154;      Kleve, Kreis;123299;15434;5733;3176;672;2442;1303
31.12.2018;5158;      Mettmann, Kreis;40722;12640;5432;992;796;2462;1541
31.12.2018;5162;      Rhein-Kreis Neuss;57628;16378;5781;1162;680;2259;1215
31.12.2018;5166;      Viersen, Kreis;56328;10472;4806;1781;600;1265;697
31.12.2018;5170;      Wesel, Kreis;104280;17214;6718;2316;751;3386;2333
31.12.2018;53;    Köln, Regierungsbezirk;736406;133608;58798;11532;7794;21129;14405
31.12.2018;5314;      Bonn, Kreisfreie Stadt;14106;5491;2880;266;841;682;488
31.12.2018;5315;      Köln, Kreisfreie Stadt;40501;18140;6189;1224;1533;4445;3406
31.12.2018;5316;      Leverkusen, Kreisfreie Stadt;7887;3655;1752;154;241;684;532
31.12.2018;5334;      Städteregion Aachen (einschl. Stadt Aachen);70691;14823;7187;1238;1065;1903;1199
31.12.2018;5334002;      Aachen, krfr. Stadt;16085;4796;2072;368;597;771;533
31.12.2018;5354;      Aachen, Kreis;-;-;-;-;-;-;-
31.12.2018;5358;      Düren, Kreis;94149;14570;4704;1037;558;1367;904
31.12.2018;5362;      Rhein-Erft-Kreis;70471;16816;5981;1011;595;2035;1324
31.12.2018;5366;      Euskirchen, Kreis;124873;9630;4422;1141;551;1727;1157
31.12.2018;5370;      Heinsberg, Kreis;62791;11005;5137;1140;368;1913;1416
31.12.2018;5374;      Oberbergischer Kreis;91885;12115;5988;1569;549;1884;1167
31.12.2018;5378;      Rheinisch-Bergischer Kreis;43732;8267;5119;826;389;1007;613
31.12.2018;5382;      Rhein-Sieg-Kreis;115321;19096;9440;1928;1103;3482;2200
31.12.2018;55;    Münster, Regierungsbezirk;691836;96667;37944;19016;4800;13525;7867
31.12.2018;5512;      Bottrop, Kreisfreie Stadt;10061;3405;1316;323;189;609;401
31.12.2018;5513;      Gelsenkirchen, Kreisfreie Stadt;10494;5975;2086;337;353;1223;842
31.12.2018;5515;      Münster, Kreisfreie Stadt;30328;7455;3049;811;909;1404;871
31.12.2018;5554;      Borken, Kreis;142098;16576;6350;4704;578;1629;665
31.12.2018;5558;      Coesfeld, Kreis;111205;9689;3446;2755;308;1610;1011
31.12.2018;5562;      Recklinghausen, Kreis;76131;18810;7834;1799;1104;2735;1640
31.12.2018;5566;      Steinfurt, Kreis;179576;21973;9142;5000;902;2335;1122
31.12.2018;5570;      Warendorf, Kreis;131942;12784;4722;3289;457;1980;1314
31.12.2018;57;    Detmold, Regierungsbezirk;652530;86043;40180;14450;4433;10629;6663
31.12.2018;5711;      Bielefeld, Kreisfreie Stadt;25883;8719;4284;784;598;1430;1076
31.12.2018;5754;      Gütersloh, Kreis;96921;15860;6620;3544;688;1836;992
31.12.2018;5758;      Herford, Kreis;45041;10146;5493;1428;397;864;444
31.12.2018;5762;      Höxter, Kreis;120142;7626;3120;1543;411;983;522
31.12.2018;5766;      Lippe, Kreis;124622;15137;7187;1941;874;2445;1703
31.12.2018;5770;      Minden-Lübbecke, Kreis;115241;16079;8305;2864;691;1291;827
31.12.2018;5774;      Paderborn, Kreis;124680;12477;5171;2346;774;1780;1098
31.12.2018;59;    Arnsberg, Regierungsbezirk;801241;112161;51593;11209;6676;14570;8776
31.12.2018;5911;      Bochum, Kreisfreie Stadt;14566;8026;3397;439;612;1605;1233
31.12.2018;5913;      Dortmund, Kreisfreie Stadt;28071;12644;5758;796;912;1964;1437
31.12.2018;5914;      Hagen, Kreisfreie Stadt;16045;4098;1842;246;302;532;343
31.12.2018;5915;      Hamm, Kreisfreie Stadt;22643;5453;2317;602;364;778;494
31.12.2018;5916;      Herne, Kreisfreie Stadt;5142;2919;1363;126;209;531;425
31.12.2018;5954;      Ennepe-Ruhr-Kreis;40964;9038;4620;913;547;881;500
31.12.2018;5958;      Hochsauerlandkreis;196017;13378;5391;1899;636;1936;939
31.12.2018;5962;      Märkischer Kreis;106106;13364;6688;1190;610;1222;565
31.12.2018;5966;      Olpe, Kreis;71214;5758;2715;642;238;739;372
31.12.2018;5970;      Siegen-Wittgenstein, Kreis;113289;10646;5891;727;564;936;406
31.12.2018;5974;      Soest, Kreis;132864;13895;5771;2336;719;1724;925
31.12.2018;5978;      Unna, Kreis;54321;12942;5839;1294;962;1723;1137
31.12.2018;6;  Hessen;2111566;196698;91884;24425;12106;25940;12220
31.12.2018;64;    Darmstadt, Regierungsbezirk;744425;94766;45258;9361;6169;13337;6595
31.12.2018;6411;      Darmstadt, Kreisfreie Stadt;12207;3012;1248;159;418;516;343
31.12.2018;6412;      Frankfurt am Main, Kreisfreie Stadt;24831;9335;3667;618;786;1882;1318
31.12.2018;6413;      Offenbach am Main, Kreisfreie Stadt;4488;1600;745;76;125;286;192
31.12.2018;6414;      Wiesbaden, Landeshauptstadt, Kreisfreie Stadt;20387;5880;2247;472;539;1340;972
31.12.2018;6431;      Bergstraße, Landkreis;71947;8040;4151;895;358;955;269
31.12.2018;6432;      Darmstadt-Dieburg, Landkreis;65864;8146;4266;956;364;789;262
31.12.2018;6433;      Groß-Gerau, Landkreis;45303;7077;2991;630;355;957;413
31.12.2018;6434;      Hochtaunuskreis;48184;6442;3394;442;655;854;395
31.12.2018;6435;      Main-Kinzig-Kreis;139732;13192;6416;1596;709;1743;566
31.12.2018;6436;      Main-Taunus-Kreis;22253;5135;2662;336;290;769;418
31.12.2018;6437;      Odenwaldkreis;62397;3779;2020;584;150;378;111
31.12.2018;6438;      Offenbach, Landkreis;35624;7609;3738;657;411;816;353
31.12.2018;6439;      Rheingau-Taunus-Kreis;81141;5548;2953;599;365;846;522
31.12.2018;6440;      Wetteraukreis;110066;9971;4759;1342;645;1205;463
31.12.2018;65;    Gießen, Regierungsbezirk;538059;43993;20758;5888;2671;5342;2050
31.12.2018;6531;      Gießen, Landkreis;85456;9375;4393;1092;632;1322;491
31.12.2018;6532;      Lahn-Dill-Kreis;106630;10310;5304;870;501;1194;370
31.12.2018;6533;      Limburg-Weilburg, Landkreis;73844;7437;3739;835;344;797;432
31.12.2018;6534;      Marburg-Biedenkopf, Landkreis;126237;9976;4533;1537;925;1096;461
31.12.2018;6535;      Vogelsbergkreis;145891;6895;2789;1554;269;933;296
31.12.2018;66;    Kassel, Regierungsbezirk;829083;57940;25867;9176;3267;7261;3574
31.12.2018;6611;      Kassel, Kreisfreie Stadt;10680;5091;2167;232;394;1254;1054
31.12.2018;6631;      Fulda, Landkreis;138041;10497;4375;2028;518;1235;537
31.12.2018;6632;      Hersfeld-Rotenburg, Landkreis;109775;6604;2938;1038;306;616;260
31.12.2018;6633;      Kassel, Landkreis;129333;10676;5595;1279;542;1319;568
31.12.2018;6634;      Schwalm-Eder-Kreis;153901;10270;4466;1860;746;909;373
31.12.2018;6635;      Waldeck-Frankenberg, Landkreis;184870;9083;3786;1750;463;1202;427
31.12.2018;6636;      Werra-Meißner-Kreis;102483;5719;2539;988;297;725;356
31.12.2018;7;  Rheinland-Pfalz;1985800;169347;68614;17939;10420;35722;23921
31.12.2018;71;    Koblenz, Stat. Region;807493;69469;29657;6342;4207;13331;8705
31.12.2018;7111;      Koblenz, Kreisfreie Stadt;10525;2743;1003;177;422;543;427
31.12.2018;7131;      Ahrweiler, Landkreis;78702;5474;2257;514;266;1468;853
31.12.2018;7132;      Altenkirchen (Westerwald), Landkreis;64238;6448;3636;530;264;852;620
31.12.2018;7133;      Bad Kreuznach, Landkreis;86389;7153;2818;926;343;1627;1068
31.12.2018;7134;      Birkenfeld, Landkreis;77683;5341;2107;460;877;1026;637
31.12.2018;7135;      Cochem-Zell, Landkreis;69243;3657;1121;480;333;1073;770
31.12.2018;7137;      Mayen-Koblenz, Landkreis;81773;9017;3446;680;387;1490;1071
31.12.2018;7138;      Neuwied, Landkreis;62706;7716;3966;581;288;1167;723
31.12.2018;7140;      Rhein-Hunsrück-Kreis;99106;5792;2208;707;280;1259;775
31.12.2018;7141;      Rhein-Lahn-Kreis;78224;5163;2259;439;298;1172;808
31.12.2018;7143;      Westerwaldkreis;98904;10965;4836;848;449;1653;953
31.12.2018;72;    Trier, Stat. Region;492582;29421;9854;4357;1494;7694;5607
31.12.2018;7211;      Trier, Kreisfreie Stadt;11706;2621;972;158;255;610;507
31.12.2018;7231;      Bernkastel-Wittlich, Landkreis;116792;6602;2122;1001;360;1556;1198
31.12.2018;7232;      Eifelkreis Bitburg-Prüm;162695;7798;2439;1683;428;1849;1233
31.12.2018;7233;      Vulkaneifel, Landkreis;91164;4913;1482;717;208;1374;854
31.12.2018;7235;      Trier-Saarburg, Landkreis;110226;7487;2839;798;243;2305;1815
31.12.2018;73;    Rheinhessen-Pfalz, Stat. Region;685104;70456;29103;7240;4719;14697;9609
31.12.2018;7311;      Frankenthal (Pfalz), Kreisfreie Stadt;4388;1151;420;81;72;217;153
31.12.2018;7312;      Kaiserslautern, Kreisfreie Stadt;13970;2869;1141;124;503;357;215
31.12.2018;7313;      Landau in der Pfalz, Kreisfreie Stadt;8294;1257;513;121;93;230;173
31.12.2018;7314;      Ludwigshafen am Rhein, Kreisfreie Stadt;7743;3554;1060;190;256;688;498
31.12.2018;7315;      Mainz, Kreisfreie Stadt;9773;3520;1457;221;444;622;461
31.12.2018;7316;      Neustadt an der Weinstraße, Kreisfreie Stadt;11709;1571;657;167;93;380;239
31.12.2018;7317;      Pirmasens, Kreisfreie Stadt;6136;1385;524;75;85;363;301
31.12.2018;7318;      Speyer, Kreisfreie Stadt;4271;1498;439;67;175;257;170
31.12.2018;7319;      Worms, Kreisfreie Stadt;10873;2150;789;184;92;485;380
31.12.2018;7320;      Zweibrücken, Kreisfreie Stadt;7064;1374;589;109;114;205;151
31.12.2018;7331;      Alzey-Worms, Landkreis;58807;4804;1974;778;176;1088;832
31.12.2018;7332;      Bad Dürkheim, Landkreis;59464;4915;2164;574;190;1259;713
31.12.2018;7333;      Donnersbergkreis;64541;3925;1517;551;150;823;522
31.12.2018;7334;      Germersheim, Landkreis;46332;5027;2005;477;418;764;509
31.12.2018;7335;      Kaiserslautern, Landkreis;64000;5795;2591;500;827;1010;567
31.12.2018;7336;      Kusel, Landkreis;57361;4051;1834;455;152;833;635
31.12.2018;7337;      Südliche Weinstraße, Landkreis;63993;4629;1873;690;192;1125;679
31.12.2018;7338;      Rhein-Pfalz-Kreis;30499;4804;2258;487;170;1040;516
31.12.2018;7339;      Mainz-Bingen, Landkreis;60536;6845;2843;868;337;1534;970
31.12.2018;7340;      Südwestpfalz, Landkreis;95352;5329;2456;521;179;1416;925
31.12.2018;8;  Baden-Württemberg, Land;3574822;330479;154774;35947;16670;37694;16618
31.12.2018;81;    Stuttgart, Regierungsbezirk;1055685;108314;51026;12574;5057;12539;6281
31.12.2018;8111;      Stuttgart, Landeshauptstadt, Stadtkreis;20733;7674;3837;134;651;1275;863
31.12.2018;8115;      Böblingen, Landkreis;61776;9370;4399;566;449;1513;1045
31.12.2018;8116;      Esslingen, Landkreis;64128;10574;5760;609;542;1078;474
31.12.2018;8117;      Göppingen, Landkreis;64234;6925;3467;815;320;689;261
31.12.2018;8118;      Ludwigsburg, Landkreis;68677;11163;5402;1034;540;1291;524
31.12.2018;8119;      Rems-Murr-Kreis, Landkreis;85808;9675;5065;1024;435;926;434
31.12.2018;8121;      Heilbronn, Stadtkreis;9989;2536;1095;98;146;307;180
31.12.2018;8125;      Heilbronn, Landkreis;109991;11596;5377;1180;427;1735;845
31.12.2018;8126;      Hohenlohekreis, Landkreis;77676;5222;2061;1164;178;490;208
31.12.2018;8127;      Schwäbisch Hall, Landkreis;148407;9646;3894;2165;333;786;331
31.12.2018;8128;      Main-Tauber-Kreis, Landkreis;130412;6551;2463;1301;312;695;323
31.12.2018;8135;      Heidenheim, Landkreis;62713;5027;2330;529;176;558;345
31.12.2018;8136;      Ostalbkreis, Landkreis;151139;12356;5876;1957;546;1196;449
31.12.2018;82;    Karlsruhe, Regierungsbezirk;691791;77158;37044;4955;4489;9703;4376
31.12.2018;8211;      Baden-Baden, Stadtkreis;14019;1451;697;42;78;243;176
31.12.2018;8212;      Karlsruhe, Stadtkreis;17342;5921;2311;62;524;1188;850
31.12.2018;8215;      Karlsruhe, Landkreis;108529;13707;6719;820;666;1594;688
31.12.2018;8216;      Rastatt, Landkreis;73843;7407;3479;333;302;746;269
31.12.2018;8221;      Heidelberg, Stadtkreis;10883;2384;1138;106;321;277;114
31.12.2018;8222;      Mannheim, Stadtkreis;14497;6044;2048;200;624;1063;727
31.12.2018;8225;      Neckar-Odenwald-Kreis, Landkreis;112595;7120;3543;777;440;819;199
31.12.2018;8226;      Rhein-Neckar-Kreis, Landkreis;106155;14516;7401;986;673;1792;555
31.12.2018;8231;      Pforzheim, Stadtkreis;9799;2176;1078;122;152;278;169
31.12.2018;8235;      Calw, Landkreis;79729;5584;2858;607;297;631;281
31.12.2018;8236;      Enzkreis, Landkreis;57360;5982;3408;446;222;575;201
31.12.2018;8237;      Freudenstadt, Landkreis;87040;4866;2366;455;189;497;146
31.12.2018;83;    Freiburg, Regierungsbezirk;935643;74110;34897;7758;3402;8204;3147
31.12.2018;8311;      Freiburg im Breisgau, Stadtkreis;15304;3464;1643;81;291;662;359
31.12.2018;8315;      Breisgau-Hochschwarzwald, Landkreis;137832;8778;4106;1070;370;965;324
31.12.2018;8316;      Emmendingen, Landkreis;67980;4936;2227;597;237;598;229
31.12.2018;8317;      Ortenaukreis, Landkreis;186029;15087;7199;1165;657;1205;467
31.12.2018;8325;      Rottweil, Landkreis;76942;6173;2953;875;226;423;174
31.12.2018;8326;      Schwarzwald-Baar-Kreis, Landkreis;102534;7627;3360;892;384;1036;425
31.12.2018;8327;      Tuttlingen, Landkreis;73438;5585;2746;559;246;445;190
31.12.2018;8335;      Konstanz, Landkreis;81798;8371;3901;838;413;1219;450
31.12.2018;8336;      Lörrach, Landkreis;80672;6734;3247;651;299;873;332
31.12.2018;8337;      Waldshut, Landkreis;113114;7354;3513;1029;279;779;198
31.12.2018;84;    Tübingen, Regierungsbezirk;891703;70897;31808;10659;3722;7248;2813
31.12.2018;8415;      Reutlingen, Landkreis;109248;8946;4234;1043;459;1235;592
31.12.2018;8416;      Tübingen, Landkreis;51911;6084;3087;507;381;740;281
31.12.2018;8417;      Zollernalbkreis, Landkreis;91758;7739;4164;695;350;613;178
31.12.2018;8421;      Ulm, Stadtkreis;11868;2721;1108;117;292;346;211
31.12.2018;8425;      Alb-Donau-Kreis, Landkreis;135855;9238;3724;1617;336;939;346
31.12.2018;8426;      Biberach, Landkreis;140952;10218;4551;1835;422;839;260
31.12.2018;8435;      Bodenseekreis, Landkreis;66480;6824;3159;1081;376;744;296
31.12.2018;8436;      Ravensburg, Landkreis;163208;11623;4830;2512;558;1170;460
31.12.2018;8437;      Sigmaringen, Landkreis;120423;7504;2951;1253;549;622;188
31.12.2018;9;  Bayern;7054157;534832;216475;120876;30326;55783;19642
31.12.2018;91;    Oberbayern, Regierungsbezirk;1752910;146110;61967;31588;7905;16578;5738
31.12.2018;9161;      Ingolstadt;13335;3708;1594;292;308;549;284
31.12.2018;9162;      München, Landeshauptstadt;31070;18055;8517;1234;1420;3840;2805
31.12.2018;9163;      Rosenheim;3722;1190;634;136;102;91;35
31.12.2018;9171;      Altötting, Landkreis;56928;5319;1994;1413;179;337;50
31.12.2018;9172;      Berchtesgadener Land, Landkreis;83982;3807;1618;925;259;336;64
31.12.2018;9173;      Bad Tölz-Wolfratshausen, Landkreis;111066;4909;2205;1102;229;562;70
31.12.2018;9174;      Dachau, Landkreis;57916;5321;2098;1334;285;728;169
31.12.2018;9175;      Ebersberg, Landkreis;54939;4666;1942;1108;188;663;127
31.12.2018;9176;      Eichstätt, Landkreis;121385;6858;2677;1499;248;513;137
31.12.2018;9177;      Erding, Landkreis;87074;6434;2121;2328;229;602;118
31.12.2018;9178;      Freising, Landkreis;79985;6890;2526;1867;342;633;182
31.12.2018;9179;      Fürstenfeldbruck, Landkreis;43480;5747;2919;746;338;755;126
31.12.2018;9180;      Garmisch-Partenkirchen, Landkreis;101217;3461;1657;595;336;394;68
31.12.2018;9181;      Landsberg am Lech, Landkreis;80436;5894;2472;1236;359;449;136
31.12.2018;9182;      Miesbach, Landkreis;86622;4334;2081;1011;166;430;30
31.12.2018;9183;      Mühldorf a.Inn, Landkreis;80533;5803;2025;2061;196;303;48
31.12.2018;9184;      München, Landkreis;66425;9708;4290;1056;817;1413;559
31.12.2018;9185;      Neuburg-Schrobenhausen, Landkreis;73971;5569;2012;1645;256;427;135
31.12.2018;9186;      Pfaffenhofen a.d.Ilm, Landkreis;76105;6296;2476;1722;226;483;102
31.12.2018;9187;      Rosenheim, Landkreis;143944;11489;5041;3114;459;912;175
31.12.2018;9188;      Starnberg, Landkreis;48772;5265;2878;713;403;648;91
31.12.2018;9189;      Traunstein, Landkreis;153376;9142;3549;2867;269;897;94
31.12.2018;9190;      Weilheim-Schongau, Landkreis;96628;6243;2642;1584;289;613;133
31.12.2018;92;    Niederbayern, Regierungsbezirk;1032593;74181;28210;23000;2578;5407;995
31.12.2018;9261;      Landshut;6583;1616;820;194;159;174;108
31.12.2018;9262;      Passau;6956;1584;818;167;131;111;34
31.12.2018;9263;      Straubing;6759;1456;586;95;122;178;92
31.12.2018;9271;      Deggendorf, Landkreis;86117;6821;2826;1872;254;351;86
31.12.2018;9272;      Freyung-Grafenau, Landkreis;98385;5590;2572;1524;188;532;70
31.12.2018;9273;      Kelheim, Landkreis;106513;6837;2523;1793;244;432;68
31.12.2018;9274;      Landshut, Landkreis;134756;9668;3378;3764;223;534;95
31.12.2018;9275;      Passau, Landkreis;153009;13239;4964;4159;323;1218;136
31.12.2018;9276;      Regen, Landkreis;97478;4987;2028;1410;213;458;45
31.12.2018;9277;      Rottal-Inn, Landkreis;128120;8502;3037;3238;218;501;60
31.12.2018;9278;      Straubing-Bogen, Landkreis;120161;7378;2408;2664;347;516;103
31.12.2018;9279;      Dingolfing-Landau, Landkreis;87758;6502;2250;2118;155;403;100
31.12.2018;93;    Oberpfalz, Regierungsbezirk;969012;62551;22992;15884;5811;5058;1518
31.12.2018;9361;      Amberg;5013;1311;595;120;121;127;78
31.12.2018;9362;      Regensburg;8086;3603;1299;189;337;578;412
31.12.2018;9363;      Weiden i.d.OPf.;7057;1475;558;155;169;188;107
31.12.2018;9371;      Amberg-Sulzbach, Landkreis;125586;6790;2400;1833;562;497;111
31.12.2018;9372;      Cham, Landkreis;152682;9281;3717;3197;354;622;94
31.12.2018;9373;      Neumarkt i.d.OPf., Landkreis;134396;7985;2664;2308;659;749;154
31.12.2018;9374;      Neustadt a.d.Waldnaab, Landkreis;142769;8747;2236;1914;2690;503;131
31.12.2018;9375;      Regensburg, Landkreis;139165;9273;4144;2436;314;809;182
31.12.2018;9376;      Schwandorf, Landkreis;145834;9107;3569;2208;429;572;124
31.12.2018;9377;      Tirschenreuth, Landkreis;108425;4980;1810;1523;177;413;126
31.12.2018;94;    Oberfranken, Regierungsbezirk;723112;53501;23125;10591;2696;6054;2271
31.12.2018;9461;      Bamberg;5462;2131;681;85;447;421;229
31.12.2018;9462;      Bayreuth;6689;2162;896;156;271;448;229
31.12.2018;9463;      Coburg;4829;1501;743;128;100;226;139
31.12.2018;9464;      Hof;5802;1591;693;129;133;255;186
31.12.2018;9471;      Bamberg, Landkreis;116779;7139;3102;1473;328;831;268
31.12.2018;9472;      Bayreuth, Landkreis;127362;6600;2829;1812;193;713;156
31.12.2018;9473;      Coburg, Landkreis;59042;4839;2159;1003;128;516;185
31.12.2018;9474;      Forchheim, Landkreis;64282;5224;2335;1023;212;584;100
31.12.2018;9475;      Hof, Landkreis;89252;6253;2720;1394;219;689;365
31.12.2018;9476;      Kronach, Landkreis;65149;3705;1817;615;140;333;80
31.12.2018;9477;      Kulmbach, Landkreis;65833;4561;1797;1151;181;331;87
31.12.2018;9478;      Lichtenfels, Landkreis;51994;3702;1537;820;164;344;118
31.12.2018;9479;      Wunsiedel i.Fichtelgebirge, Landkreis;60637;4092;1815;800;180;362;130
31.12.2018;95;    Mittelfranken, Regierungsbezirk;724369;61254;24107;13404;3068;7080;3267
31.12.2018;9561;      Ansbach;9991;1531;576;236;207;145;79
31.12.2018;9562;      Erlangen;7696;2256;1114;179;253;240;133
31.12.2018;9563;      Fürth;6335;2211;1056;141;98;353;163
31.12.2018;9564;      Nürnberg;18645;8248;3481;509;554;1527;1069
31.12.2018;9565;      Schwabach;4080;1047;547;95;53;92;42
31.12.2018;9571;      Ansbach, Landkreis;197133;11670;3681;4069;404;1117;438
31.12.2018;9572;      Erlangen-Höchstadt, Landkreis;56456;4986;2473;889;191;548;202
31.12.2018;9573;      Fürth, Landkreis;30744;3724;1903;667;110;422;194
31.12.2018;9574;      Nürnberger Land, Landkreis;79951;6728;3150;1184;262;788;323
31.12.2018;9575;      Neustadt a.d.Aisch-Bad Windsheim, Landkreis;126744;6509;1886;2254;300;592;247
31.12.2018;9576;      Roth, Landkreis;89516;6261;2376;1496;410;576;144
31.12.2018;9577;      Weißenburg-Gunzenhausen, Landkreis;97078;6084;1864;1686;225;680;233
31.12.2018;96;    Unterfranken, Regierungsbezirk;853008;58384;23799;9009;4027;8133;3360
31.12.2018;9661;      Aschaffenburg;6245;1888;671;125;124;459;329
31.12.2018;9662;      Schweinfurt;3570;1471;521;40;152;282;145
31.12.2018;9663;      Würzburg;8760;3150;1268;191;420;646;351
31.12.2018;9671;      Aschaffenburg, Landkreis;69890;6338;3120;780;226;838;289
31.12.2018;9672;      Bad Kissingen, Landkreis;113690;6471;2214;1160;1284;681;229
31.12.2018;9673;      Rhön-Grabfeld, Landkreis;102168;4633;1777;1101;211;593;251
31.12.2018;9674;      Haßberge, Landkreis;95619;5181;2183;838;205;659;264
31.12.2018;9675;      Kitzingen, Landkreis;68414;5196;1624;1075;282;760;207
31.12.2018;9676;      Miltenberg, Landkreis;71558;5204;2406;580;202;818;278
31.12.2018;9677;      Main-Spessart, Landkreis;132120;6738;2950;1040;258;768;292
31.12.2018;9678;      Schweinfurt, Landkreis;84139;5437;2350;824;350;811;392
31.12.2018;9679;      Würzburg, Landkreis;96835;6675;2716;1256;312;818;334
31.12.2018;97;    Schwaben, Regierungsbezirk;999154;78852;32274;17400;4240;7472;2492
31.12.2018;9761;      Augsburg;14685;4809;2046;322;376;902;532
31.12.2018;9762;      Kaufbeuren;4002;1228;505;84;270;69;32
31.12.2018;9763;      Kempten (Allgäu);6328;1551;626;168;135;243;148
31.12.2018;9764;      Memmingen;7011;1336;554;167;76;121;61
31.12.2018;9771;      Aichach-Friedberg, Landkreis;78023;5905;2568;1570;179;410;113
31.12.2018;9772;      Augsburg, Landkreis;107064;11184;4846;1901;1116;976;311
31.12.2018;9773;      Dillingen a.d.Donau, Landkreis;79223;5779;2677;1207;200;420;178
31.12.2018;9774;      Günzburg, Landkreis;76240;6799;2836;1357;301;563;181
31.12.2018;9775;      Neu-Ulm, Landkreis;51584;6053;2816;870;240;662;298
31.12.2018;9776;      Lindau (Bodensee), Landkreis;32339;3075;1354;796;123;364;81
31.12.2018;9777;      Ostallgäu, Landkreis;139443;7513;2727;2268;384;608;124
31.12.2018;9778;      Unterallgäu, Landkreis;122957;8620;3157;2510;249;659;121
31.12.2018;9779;      Donau-Ries, Landkreis;127458;8439;2901;2339;298;758;226
31.12.2018;9780;      Oberallgäu, Landkreis;152796;6561;2660;1840;294;717;86
31.12.2018;10;  Saarland;257110;39348;20386;3837;2409;3351;1202
31.12.2018;10041;      Saarbrücken, Regionalverband;41095;9926;5028;805;620;855;383
31.12.2018;10041100;      Saarbrücken, Landeshauptstadt;16752;4327;2082;326;356;437;243
31.12.2018;10042;      Merzig-Wadern, Landkreis;55666;5297;2752;684;396;493;212
31.12.2018;10043;      Neunkirchen, Landkreis;24980;4942;2748;457;193;336;155
31.12.2018;10044;      Saarlouis, Landkreis;45935;8603;4229;726;667;588;227
31.12.2018;10045;      Saarpfalz-Kreis;41827;6061;3223;589;316;453;87
31.12.2018;10046;      St. Wendel, Landkreis;47607;4518;2407;576;217;626;138
31.12.2018;11;  Berlin;89112;49314;21958;3141;4408;12016;9578
31.12.2018;11001001;      Berlin-Mitte;3940;2846;782;248;584;747;643
31.12.2018;11002002;      Berlin-Friedrichshain-Kreuzberg;2040;1369;480;202;211;241;187
31.12.2018;11003003;      Berlin-Pankow;10322;5537;2304;503;371;1503;1225
31.12.2018;11004004;      Berlin-Charlottenburg-Wilmersdorf;6469;3290;1336;221;348;927;671
31.12.2018;11005005;      Berlin-Spandau;9188;4946;2000;104;525;1296;899
31.12.2018;11006006;      Berlin-Steglitz-Zehlendorf;10256;5303;2940;333;564;1013;796
31.12.2018;11007007;      Berlin-Tempelhof-Schöneberg;5305;4131;1760;258;287;932;827
31.12.2018;11008008;      Berlin-Neukölln;4493;3594;1802;95;229;953;847
31.12.2018;11009009;      Berlin-Treptow-Köpenick;16773;5887;2621;511;323;1515;1132
31.12.2018;11010010;      Berlin-Marzahn-Hellersdorf;6182;4428;2355;228;268;956;895
31.12.2018;11011011;      Berlin-Lichtenberg;5212;3439;1091;297;323;1027;753
31.12.2018;11012012;      Berlin-Reinickendorf;8932;4544;2487;141;373;906;702
31.12.2018;12;  Brandenburg;2965443;201093;65001;24536;6885;26977;13222
31.12.2018;12051;      Brandenburg an der Havel, Kreisfreie Stadt;22971;3748;1013;362;303;753;414
31.12.2018;12052;      Cottbus, Kreisfreie Stadt;16563;5250;1289;192;289;874;672
31.12.2018;12053;      Frankfurt (Oder), Kreisfreie Stadt;14785;2506;707;96;190;745;566
31.12.2018;12054;      Potsdam, Kreisfreie Stadt;18825;4387;1709;249;528;997;758
31.12.2018;12060;      Barnim, Landkreis;147958;10810;4688;1395;333;1075;384
31.12.2018;12061;      Dahme-Spreewald, Landkreis;227450;14582;6085;446;340;1622;617
31.12.2018;12062;      Elbe-Elster, Landkreis;189919;11059;2688;1229;324;1341;771
31.12.2018;12063;      Havelland, Landkreis;172731;11104;4192;2779;258;1192;280
31.12.2018;12064;      Märkisch-Oderland, Landkreis;215865;16962;7136;1375;687;3581;2102
31.12.2018;12065;      Oberhavel, Landkreis;180819;12217;6151;1289;518;1297;555
31.12.2018;12066;      Oberspreewald-Lausitz, Landkreis;122348;17504;2691;641;306;1509;690
31.12.2018;12067;      Oder-Spree, Landkreis;225675;14218;5452;1171;445;2926;1537
31.12.2018;12068;      Ostprignitz-Ruppin, Landkreis;252655;8520;2891;2025;316;1140;496
31.12.2018;12069;      Potsdam-Mittelmark, Landkreis;259202;13395;5499;2029;514;1622;805
31.12.2018;12070;      Prignitz, Landkreis;213855;8244;1934;2966;182;724;250
31.12.2018;12071;      Spree-Neiße, Landkreis;165698;20353;4023;317;280;1118;455
31.12.2018;12072;      Teltow-Fläming, Landkreis;210421;13737;3565;3460;657;2347;618
31.12.2018;12073;      Uckermark, Landkreis;307703;12498;3288;2515;414;2111;1250
31.12.2018;13;  Mecklenburg-Vorpommern;2329363;128950;38481;17381;6653;37082;29995
31.12.2018;13001;      Kreisfreie Stadt Greifswald, Hansestadt;-;-;-;-;-;-;-
31.12.2018;13002;      Kreisfreie Stadt Neubrandenburg, Stadt;-;-;-;-;-;-;-
31.12.2018;13003;      Kreisfreie Stadt Rostock, Hansestadt;18136;5636;1365;169;574;1839;1557
31.12.2018;13004;      Kreisfreie Stadt Schwerin, Landeshauptstadt;13052;3175;835;73;423;919;798
31.12.2018;13005;      Kreisfreie Stadt Stralsund, Hansestadt;-;-;-;-;-;-;-
31.12.2018;13006;      Kreisfreie Stadt Wismar, Hansestadt;-;-;-;-;-;-;-
31.12.2018;13051;      Landkreis Bad Doberan;-;-;-;-;-;-;-
31.12.2018;13052;      Landkreis Demmin;-;-;-;-;-;-;-
31.12.2018;13053;      Landkreis Güstrow;-;-;-;-;-;-;-
31.12.2018;13054;      Landkreis Ludwigslust;-;-;-;-;-;-;-
31.12.2018;13055;      Landkreis Mecklenburg-Strelitz;-;-;-;-;-;-;-
31.12.2018;13056;      Landkreis Müritz;-;-;-;-;-;-;-
31.12.2018;13057;      Landkreis Nordvorpommern;-;-;-;-;-;-;-
31.12.2018;13058;      Landkreis Nordwestmecklenburg;-;-;-;-;-;-;-
31.12.2018;13059;      Landkreis Ostvorpommern;-;-;-;-;-;-;-
31.12.2018;13060;      Landkreis Parchim;-;-;-;-;-;-;-
31.12.2018;13061;      Landkreis Rügen;-;-;-;-;-;-;-
31.12.2018;13062;      Landkreis Uecker-Randow;-;-;-;-;-;-;-
31.12.2018;13071;      Landkreis Mecklenburgische Seenplatte;549560;24128;6504;4108;1121;6632;5285
31.12.2018;13072;      Landkreis Rostock;343129;20434;5698;2595;1296;6218;4900
31.12.2018;13073;      Landkreis Vorpommern-Rügen;321541;19381;6337;2689;1113;5565;4282
31.12.2018;13074;      Landkreis Nordwestmecklenburg;212709;13478;4072;1411;333;4441;3791
31.12.2018;13075;      Landkreis Vorpommern-Greifswald;394556;20379;6908;2667;1178;4985;3889
31.12.2018;13076;      Landkreis Ludwigslust-Parchim;476679;22338;6762;3669;614;6483;5492
31.12.2018;14;  Sachsen;1844996;188186;86282;5724;8338;27729;11795
31.12.2018;141;    Chemnitz, Regierungsbezirk;-;-;-;-;-;-;-
31.12.2018;14161;      Chemnitz, Kreisfreie Stadt;-;-;-;-;-;-;-
31.12.2018;14166;      Plauen, Kreisfreie Stadt;-;-;-;-;-;-;-
31.12.2018;14167;      Zwickau, Kreisfreie Stadt;-;-;-;-;-;-;-
31.12.2018;14171;      Annaberg, Landkreis;-;-;-;-;-;-;-
31.12.2018;14173;      Chemnitzer Land, Landkreis;-;-;-;-;-;-;-
31.12.2018;14177;      Freiberg, Landkreis;-;-;-;-;-;-;-
31.12.2018;14178;      Vogtlandkreis;-;-;-;-;-;-;-
31.12.2018;14181;      Mittlerer Erzgebirgskreis;-;-;-;-;-;-;-
31.12.2018;14182;      Mittweida, Landkreis;-;-;-;-;-;-;-
31.12.2018;14188;      Stollberg, Landkreis;-;-;-;-;-;-;-
31.12.2018;14191;      Aue-Schwarzenberg, Landkreis;-;-;-;-;-;-;-
31.12.2018;14193;      Zwickauer Land, Landkreis;-;-;-;-;-;-;-
31.12.2018;142;    Dresden, Regierungsbezirk;-;-;-;-;-;-;-
31.12.2018;14262;      Dresden, Kreisfreie Stadt;-;-;-;-;-;-;-
31.12.2018;14263;      Görlitz, Kreisfreie Stadt;-;-;-;-;-;-;-
31.12.2018;14264;      Hoyerswerda, Kreisfreie Stadt;-;-;-;-;-;-;-
31.12.2018;14272;      Bautzen, Landkreis;-;-;-;-;-;-;-
31.12.2018;14280;      Meißen, Landkreis;-;-;-;-;-;-;-
31.12.2018;14284;      Niederschlesischer Oberlausitzkreis;-;-;-;-;-;-;-
31.12.2018;14285;      Riesa-Großenhain, Landkreis;-;-;-;-;-;-;-
31.12.2018;14286;      Löbau-Zittau, Landkreis;-;-;-;-;-;-;-
31.12.2018;14287;      Sächsische Schweiz, Landkreis;-;-;-;-;-;-;-
31.12.2018;14290;      Weißeritzkreis;-;-;-;-;-;-;-
31.12.2018;14292;      Kamenz, Landkreis;-;-;-;-;-;-;-
31.12.2018;143;    Leipzig, Regierungsbezirk;-;-;-;-;-;-;-
31.12.2018;14365;      Leipzig, Kreisfreie Stadt;-;-;-;-;-;-;-
31.12.2018;14374;      Delitzsch, Landkreis;-;-;-;-;-;-;-
31.12.2018;14375;      Döbeln, Landkreis;-;-;-;-;-;-;-
31.12.2018;14379;      Leipziger Land, Landkreis;-;-;-;-;-;-;-
31.12.2018;14383;      Muldentalkreis;-;-;-;-;-;-;-
31.12.2018;14389;      Torgau-Oschatz, Landkreis;-;-;-;-;-;-;-
31.12.2018;145;    Chemnitz, Stat. Region;652802;61623;32554;2006;2662;8595;2869
31.12.2018;14511;      Chemnitz, Stadt;22105;7920;3465;64;495;1988;626
31.12.2018;14521;      Erzgebirgskreis;182791;14897;8328;452;625;2011;599
31.12.2018;14522;      Mittelsachsen, Landkreis;211685;15888;8398;867;608;1739;718
31.12.2018;14523;      Vogtlandkreis;141242;10487;5770;354;422;1338;445
31.12.2018;14524;      Zwickau, Landkreis;94978;12430;6593;269;512;1518;480
31.12.2018;146;    Dresden, Stat. Region;794429;78839;35291;2115;3641;10412;5152
31.12.2018;14612;      Dresden, Stadt;32848;10621;5419;54;941;1729;781
31.12.2018;14625;      Bautzen, Landkreis;239561;21474;9347;542;634;1998;862
31.12.2018;14626;      Görlitz, Landkreis;211141;24559;8643;617;1036;3870;2476
31.12.2018;14627;      Meißen, Landkreis;145459;11853;5892;452;617;1593;640
31.12.2018;14628;      Sächsische Schweiz-Osterzgebirge, Landkreis;165419;10331;5989;449;412;1222;392
31.12.2018;147;    Leipzig, Stat. Region;397766;47725;18437;1603;2034;8722;3774
31.12.2018;14713;      Leipzig, Stadt;29780;12657;5026;92;757;3478;1320
31.12.2018;14729;      Leipzig, Landkreis;165130;20732;6995;494;392;3445;1883
31.12.2018;14730;      Nordsachsen, Landkreis;202856;14336;6415;1017;885;1798;572
31.12.2018;15;  Sachsen-Anhalt;2045431;156399;37030;14906;8020;51581;43810
31.12.2018;15001;      Dessau-Roßlau, Kreisfreie Stadt;24471;3717;782;190;225;1632;1431
31.12.2018;15002;      Halle (Saale), Kreisfreie Stadt;13503;5496;1625;229;539;1802;1454
31.12.2018;15003;      Magdeburg, Kreisfreie Stadt;20101;7139;2066;283;621;2365;1910
31.12.2018;15081;      Altmarkkreis Salzwedel;229336;9354;2500;1453;344;3266;2852
31.12.2018;15082;      Anhalt-Bitterfeld, Landkreis;145382;12657;2509;1155;378;5051;4451
31.12.2018;15083;      Börde, Landkreis;236691;16137;3845;1744;1218;4364;3614
31.12.2018;15084;      Burgenlandkreis;141375;15430;3291;1165;563;4563;3895
31.12.2018;15085;      Harz, Landkreis;210472;14163;3754;1400;864;4382;3485
31.12.2018;15086;      Jerichower Land, Landkreis;157694;8711;2110;1097;711;2855;2405
31.12.2018;15087;      Mansfeld-Südharz, Landkreis;144892;11091;2635;894;437;4025;3413
31.12.2018;15088;      Saalekreis;143391;15849;3600;1244;516;4372;3814
31.12.2018;15089;      Salzlandkreis;142733;14473;3066;1297;570;4406;3698
31.12.2018;15090;      Stendal, Landkreis;242342;11013;2703;1598;499;4024;3570
31.12.2018;15091;      Wittenberg, Landkreis;193048;11170;2543;1156;536;4476;3818
31.12.2018;151;    Dessau, Stat. Region;-;-;-;-;-;-;-
31.12.2018;15101;      Dessau, Kreisfreie Stadt;-;-;-;-;-;-;-
31.12.2018;15151;      Anhalt-Zerbst, Kreis;-;-;-;-;-;-;-
31.12.2018;15153;      Bernburg, Kreis;-;-;-;-;-;-;-
31.12.2018;15154;      Bitterfeld, Kreis;-;-;-;-;-;-;-
31.12.2018;15159;      Köthen, Kreis;-;-;-;-;-;-;-
31.12.2018;15171;      Wittenberg, Kreis;-;-;-;-;-;-;-
31.12.2018;152;    Halle, Stat. Region;-;-;-;-;-;-;-
31.12.2018;15202;      Halle (Saale), Kreisfreie Stadt;-;-;-;-;-;-;-
31.12.2018;15256;      Burgenlandkreis;-;-;-;-;-;-;-
31.12.2018;15260;      Mansfelder Land, Kreis;-;-;-;-;-;-;-
31.12.2018;15261;      Merseburg-Querfurt, Kreis;-;-;-;-;-;-;-
31.12.2018;15265;      Saalkreis;-;-;-;-;-;-;-
31.12.2018;15266;      Sangerhausen, Kreis;-;-;-;-;-;-;-
31.12.2018;15268;      Weißenfels, Kreis;-;-;-;-;-;-;-
31.12.2018;153;    Magdeburg, Stat. Region;-;-;-;-;-;-;-
31.12.2018;15303;      Magdeburg, Kreisfreie Stadt;-;-;-;-;-;-;-
31.12.2018;15352;      Aschersleben-Staßfurt, Kreis;-;-;-;-;-;-;-
31.12.2018;15355;      Bördekreis;-;-;-;-;-;-;-
31.12.2018;15357;      Halberstadt, Kreis;-;-;-;-;-;-;-
31.12.2018;15358;      Jerichower Land, Kreis;-;-;-;-;-;-;-
31.12.2018;15362;      Ohrekreis;-;-;-;-;-;-;-
31.12.2018;15363;      Stendal, Kreis;-;-;-;-;-;-;-
31.12.2018;15364;      Quedlinburg, Kreis;-;-;-;-;-;-;-
31.12.2018;15367;      Schönebeck, Kreis;-;-;-;-;-;-;-
31.12.2018;15369;      Wernigerode, Kreis;-;-;-;-;-;-;-
31.12.2018;15370;      Altmarkkreis Salzwedel, Kreis;-;-;-;-;-;-;-
31.12.2018;16;  Thüringen;1620237;123777;33872;13863;4371;38064;29566
31.12.2018;16051;      Erfurt, krsfr. Stadt;26991;6258;1583;867;396;1454;1094
31.12.2018;16052;      Gera, krsfr. Stadt;15218;3324;930;125;169;1397;1226
31.12.2018;16053;      Jena, krsfr. Stadt;11477;2738;935;112;183;1023;741
31.12.2018;16054;      Suhl, krsfr. Stadt;10303;1610;437;127;86;660;513
31.12.2018;16055;      Weimar, krsfr. Stadt;8448;2222;715;156;260;691;559
31.12.2018;16056;      Eisenach, krsfr. Stadt;10417;1465;582;49;71;386;315
31.12.2018;16061;      Eichsfeld, Kreis;94307;5773;2072;228;187;1718;1463
31.12.2018;16062;      Nordhausen, Kreis;71390;5803;862;1132;214;1921;1536
31.12.2018;16063;      Wartburgkreis;130744;8658;3261;350;263;2573;2018
31.12.2018;16064;      Unstrut-Hainich-Kreis;97969;6120;2083;233;188;1830;1563
31.12.2018;16065;      Kyffhäuserkreis;103791;6135;735;1282;218;2192;1818
31.12.2018;16066;      Schmalkalden-Meiningen, Kreis;121073;7545;2516;1032;220;1903;1083
31.12.2018;16067;      Gotha, Kreis;93608;8151;2730;263;356;2512;1910
31.12.2018;16068;      Sömmerda, Kreis;80686;4913;919;1017;101;1303;1051
31.12.2018;16069;      Hildburghausen, Kreis;93842;4681;1356;646;145;1234;869
31.12.2018;16070;      Ilm-Kreis;84371;6154;2000;348;221;1814;1380
31.12.2018;16071;      Weimarer Land, Kreis;80448;5796;1180;1161;161;1648;1170
31.12.2018;16072;      Sonneberg, Kreis;43361;3123;1243;253;95;829;646
31.12.2018;16073;      Saalfeld-Rudolstadt, Kreis;103603;6673;1968;592;224;2227;1561
31.12.2018;16074;      Saale-Holzland-Kreis;81524;6040;1226;1370;152;1615;1044
31.12.2018;16075;      Saale-Orla-Kreis;115130;6490;1221;1579;150;1567;1122
31.12.2018;16076;      Greiz, Kreis;84598;7909;1712;473;150;3412;2911
31.12.2018;16077;      Altenburger Land, Kreis;56940;6197;1607;467;161;2155;1973
__________;;;;;;;;;
"zu ""Bodenfläche"":
Baden-Württemberg: Landessummen einschließlich der ge-
meindefreien Gebiete Rheinau (Ortenaukreis) und Guts-
bezirk Münsingen (Landkreis Reutlingen)
Rheinland-Pfalz: Landessumme einschließlich des gemein-
schaftlichen deutsch-luxemburgischen Hoheitsgebiets
Saarland (2000-2015): Landessumme einschl. des gemeinschaft-
lichen deutsch-luxemburgischen Hoheitsgebiets
Saarland (ab 2016): einschl. des gemeinschaftlichen deutsch-
luxemburgischen Hoheitsgebiets";;;;;;;;;
"© Statistische Ämter des Bundes und der Länder, Deutschland, 2020.
Dieses Werk ist lizenziert unter der Datenlizenz Deutschland
- Namensnennung - Version 2.0.";;;;;;;;;
Stand: 26.06.2020 / 11:17:46;;;;;;;;;
