GENESIS-Tabelle: 22811-01-01-4;;;;;;;;;
Empfänger von sozialen Mindestsicherungsleistungen nach Art der Leistung - Stichtag 31.12. - regionale Tiefe: Kreise und krfr. Städte;;;;;;;;;
Sozialberichterstattung in der amtlichen Statistik;;;;;;;;;
;;;Empfänger von sozialen Mindestsicherungsleistungen;Davon;Davon;Davon;Davon;Davon;Davon
;;;;Gesamtregelleistung (ALG II/Sozialgeld) n.d.SGB II;Gesamtregelleistung (ALG II/Sozialgeld) n.d.SGB II;Gesamtregelleistung (ALG II/Sozialgeld) n.d.SGB II;Hilfe z. Lebensunt. außerh. v. Einr. n. d. SGB XII;Grundsicher. im Alter u.b. Erwerbsm. n. d. SGB XII;Regelleist. n.d. Asylbewerberleistungsgesetz
;;;;zusammen;erwerbsf. Leistungsb. (Arbeitslosengeld II);nicht erwerbsf. Leistungsb. (Sozialgeld);;;
;;;Anzahl;Anzahl;Anzahl;Anzahl;Anzahl;Anzahl;Anzahl
31.12.2018;DG;Deutschland;7203717;5592474;3979908;1612566;121511;1078521;411211
31.12.2018;1;  Schleswig-Holstein;275913;210752;149015;61737;7060;42339;15762
31.12.2018;1001;      Flensburg, Kreisfreie Stadt;14734;11436;8260;3176;331;2464;503
31.12.2018;1002;      Kiel, Landeshauptstadt, Kreisfreie Stadt;40452;33086;23816;9270;874;5179;1313
31.12.2018;1003;      Lübeck, Hansestadt, Kreisfreie Stadt;32712;25120;18119;7001;780;5572;1240
31.12.2018;1004;      Neumünster, Kreisfreie Stadt;12763;8928;6383;2545;450;1807;1578
31.12.2018;1051;      Dithmarschen, Landkreis;13672;10957;7828;3129;210;1807;698
31.12.2018;1053;      Herzogtum Lauenburg, Landkreis;15886;12001;8299;3702;480;2393;1012
31.12.2018;1054;      Nordfriesland, Landkreis;12124;9167;6663;2504;175;1995;787
31.12.2018;1055;      Ostholstein, Landkreis;15829;11392;8282;3110;326;3170;941
31.12.2018;1056;      Pinneberg, Landkreis;26230;20480;14032;6448;710;3417;1623
31.12.2018;1057;      Plön, Landkreis;9531;6902;4760;2142;474;1610;545
31.12.2018;1058;      Rendsburg-Eckernförde, Landkreis;20337;14823;10220;4603;684;3511;1319
31.12.2018;1059;      Schleswig-Flensburg, Landkreis;16009;11622;8205;3417;288;3147;952
31.12.2018;1060;      Segeberg, Landkreis;20152;14516;10016;4500;465;3712;1459
31.12.2018;1061;      Steinburg, Landkreis;12587;9518;6816;2702;390;1970;709
31.12.2018;1062;      Stormarn, Landkreis;14908;10804;7316;3488;418;2603;1083
31.12.2018;2;  Hamburg;239065;179779;128265;51514;3478;44605;11203
31.12.2018;3;  Niedersachsen;714194;550499;389025;161474;11776;112113;39806
31.12.2018;31;    Braunschweig, Stat. Region;142913;108995;78175;30820;2990;22486;8442
31.12.2018;3101;      Braunschweig, Kreisfreie Stadt;22395;17171;12990;4181;329;3842;1053
31.12.2018;3102;      Salzgitter, Kreisfreie Stadt;16131;13835;9393;4442;214;1687;395
31.12.2018;3103;      Wolfsburg, Kreisfreie Stadt;10120;8069;5659;2410;133;1235;683
31.12.2018;3151;      Gifhorn, Landkreis;11298;8274;5878;2396;162;1587;1275
31.12.2018;3152;      Göttingen, Landkreis;-;-;-;-;-;-;-
31.12.2018;3153;      Goslar, Landkreis;14913;11081;7909;3172;682;2483;667
31.12.2018;3154;      Helmstedt, Landkreis;8152;6354;4660;1694;308;1051;439
31.12.2018;3155;      Northeim, Landkreis;11077;8334;5979;2355;205;1854;684
31.12.2018;3156;      Osterode am Harz, Landkreis;-;-;-;-;-;-;-
31.12.2018;3157;      Peine, Landkreis;11697;9319;6225;3094;324;1461;593
31.12.2018;3158;      Wolfenbüttel, Landkreis;9637;6876;4979;1897;122;1956;683
31.12.2018;3159;      Göttingen, Landkreis;27493;19682;14503;5179;511;5330;1970
31.12.2018;32;    Hannover, Stat. Region;234589;183529;129155;54374;3165;36144;11751
31.12.2018;3241;      Region Hannover, Landkreis;142300;114103;80826;33277;1742;20838;5617
31.12.2018;3241001;      Hannover, Landeshauptstadt;82187;66085;47641;18444;1029;12594;2479
31.12.2018;3251;      Diepholz, Landkreis;16198;11826;7990;3836;294;2575;1503
31.12.2018;3252;      Hameln-Pyrmont, Landkreis;16893;13035;8959;4076;277;2703;878
31.12.2018;3254;      Hildesheim, Landkreis;26565;20032;14311;5721;325;4788;1420
31.12.2018;3255;      Holzminden, Landkreis;6673;5026;3623;1403;127;1155;365
31.12.2018;3256;      Nienburg (Weser), Landkreis;11439;8748;5899;2849;205;1802;684
31.12.2018;3257;      Schaumburg, Landkreis;14521;10759;7547;3212;195;2283;1284
31.12.2018;33;    Lüneburg, Stat. Region;133196;100206;70191;30015;2058;22416;8516
31.12.2018;3351;      Celle, Landkreis;18614;14211;9880;4331;315;3369;719
31.12.2018;3352;      Cuxhaven, Landkreis;15255;12172;8537;3635;199;2020;864
31.12.2018;3353;      Harburg, Landkreis;15244;10774;7363;3411;296;2403;1771
31.12.2018;3354;      Lüchow-Dannenberg, Landkreis;4524;3366;2563;803;66;898;194
31.12.2018;3355;      Lüneburg, Landkreis;16113;12210;8550;3660;288;2936;679
31.12.2018;3356;      Osterholz, Landkreis;6352;4490;3084;1406;81;1339;442
31.12.2018;3357;      Rotenburg (Wümme), Landkreis;10073;6809;4900;1909;136;2356;772
31.12.2018;3358;      Heidekreis, Landkreis;12126;9097;6502;2595;179;1844;1006
31.12.2018;3359;      Stade, Landkreis;17827;14333;9896;4437;199;2099;1196
31.12.2018;3360;      Uelzen, Landkreis;7218;5333;3810;1523;188;1454;243
31.12.2018;3361;      Verden, Landkreis;9850;7411;5106;2305;111;1698;630
31.12.2018;34;    Weser-Ems, Stat. Region;204042;157769;111504;46265;3520;31667;11086
31.12.2018;3401;      Delmenhorst, Kreisfreie Stadt;12952;10629;7450;3179;214;1721;388
31.12.2018;3402;      Emden, Kreisfreie Stadt;6907;5647;3998;1649;89;929;242
31.12.2018;3403;      Oldenburg (Oldenburg), Kreisfreie Stadt;21012;17212;12400;4812;419;2791;590
31.12.2018;3404;      Osnabrück, Kreisfreie Stadt;20483;16136;11580;4556;233;3072;1042
31.12.2018;3405;      Wilhelmshaven, Kreisfreie Stadt;13273;11035;8118;2917;213;1785;240
31.12.2018;3451;      Ammerland, Landkreis;8018;6091;4193;1898;137;1162;628
31.12.2018;3452;      Aurich, Landkreis;16552;13338;9550;3788;146;2292;776
31.12.2018;3453;      Cloppenburg, Landkreis;10675;8331;5661;2670;125;1591;628
31.12.2018;3454;      Emsland, Landkreis;18587;13286;9422;3864;561;3440;1300
31.12.2018;3455;      Friesland, Landkreis;6990;5179;3652;1527;118;1097;596
31.12.2018;3456;      Grafschaft Bentheim, Landkreis;8460;6312;4375;1937;120;1442;586
31.12.2018;3457;      Leer, Landkreis;12547;9244;6805;2439;189;2007;1107
31.12.2018;3458;      Oldenburg, Landkreis;7993;6049;4067;1982;175;1370;399
31.12.2018;3459;      Osnabrück, Landkreis;18264;12590;8701;3889;467;3795;1412
31.12.2018;3460;      Vechta, Landkreis;8617;6913;4608;2305;109;1283;312
31.12.2018;3461;      Wesermarsch, Landkreis;8623;6659;4707;1952;130;1241;593
31.12.2018;3462;      Wittmund, Landkreis;4089;3118;2217;901;75;649;247
31.12.2018;4;  Bremen;119168;97935;68474;29461;1680;15855;3698
31.12.2018;4011;      Bremen, Kreisfreie Stadt;94985;78468;54801;23667;1374;12364;2779
31.12.2018;4012;      Bremerhaven, Kreisfreie Stadt;23660;19467;13673;5794;291;2984;918
31.12.2018;5;  Nordrhein-Westfalen;2017535;1602976;1127721;475255;33893;282186;98480
31.12.2018;51;    Düsseldorf, Regierungsbezirk;670008;544208;382022;162186;10526;87810;27464
31.12.2018;5111;      Düsseldorf, Kreisfreie Stadt;74785;57673;40981;16692;1304;13751;2057
31.12.2018;5112;      Duisburg, Kreisfreie Stadt;85281;72247;50252;21995;1222;8863;2949
31.12.2018;5113;      Essen, Kreisfreie Stadt;105946;90347;63254;27093;962;11479;3158
31.12.2018;5114;      Krefeld, Kreisfreie Stadt;34117;27949;20405;7544;450;4335;1383
31.12.2018;5116;      Mönchengladbach, Kreisfreie Stadt;44311;36822;25342;11480;721;5982;786
31.12.2018;5117;      Mülheim an der Ruhr, Kreisfreie Stadt;25681;20978;14318;6660;480;3030;1193
31.12.2018;5119;      Oberhausen, Kreisfreie Stadt;33185;28011;19981;8030;496;3490;1188
31.12.2018;5120;      Remscheid, Kreisfreie Stadt;13974;11029;7684;3345;336;1848;761
31.12.2018;5122;      Solingen, Kreisfreie Stadt;18229;14520;10155;4365;537;2421;751
31.12.2018;5124;      Wuppertal, Kreisfreie Stadt;59549;49058;33682;15376;1013;7197;2281
31.12.2018;5154;      Kleve, Kreis;23889;17008;12418;4590;345;4515;2021
31.12.2018;5158;      Mettmann, Kreis;46941;36945;25745;11200;1109;6298;2589
31.12.2018;5162;      Rhein-Kreis Neuss;37733;30088;20877;9211;565;5140;1940
31.12.2018;5166;      Viersen, Kreis;23749;18466;13235;5231;359;3491;1433
31.12.2018;5170;      Wesel, Kreis;42638;33067;23693;9374;627;5970;2974
31.12.2018;53;    Köln, Regierungsbezirk;466295;362343;255027;107316;9261;68915;25776
31.12.2018;5314;      Bonn, Kreisfreie Stadt;37761;30705;20747;9958;892;5407;757
31.12.2018;5315;      Köln, Kreisfreie Stadt;149564;114203;81166;33037;2875;22766;9720
31.12.2018;5316;      Leverkusen, Kreisfreie Stadt;21211;17197;11668;5529;499;2560;955
31.12.2018;5334;      Städteregion Aachen (einschl. Stadt Aachen);63514;49918;36406;13512;1032;8938;3626
31.12.2018;5334002;      Aachen, krfr. Stadt;30645;23922;17750;6172;474;4875;1374
31.12.2018;5354;      Aachen, Kreis;-;-;-;-;-;-;-
31.12.2018;5358;      Düren, Kreis;26897;21440;15018;6422;341;3851;1265
31.12.2018;5362;      Rhein-Erft-Kreis;43513;34756;24280;10476;858;5620;2279
31.12.2018;5366;      Euskirchen, Kreis;14892;10925;7459;3466;276;2829;862
31.12.2018;5370;      Heinsberg, Kreis;20969;15666;10840;4826;575;3607;1121
31.12.2018;5374;      Oberbergischer Kreis;19083;14144;10064;4080;421;3288;1230
31.12.2018;5378;      Rheinisch-Bergischer Kreis;22361;17044;12171;4873;435;3226;1656
31.12.2018;5382;      Rhein-Sieg-Kreis;46530;36345;25208;11137;1057;6823;2305
31.12.2018;55;    Münster, Regierungsbezirk;274349;217142;151816;65326;4142;38139;14926
31.12.2018;5512;      Bottrop, Kreisfreie Stadt;13983;11738;8413;3325;224;1532;489
31.12.2018;5513;      Gelsenkirchen, Kreisfreie Stadt;58186;50604;34778;15826;468;5421;1693
31.12.2018;5515;      Münster, Kreisfreie Stadt;28227;20624;14348;6276;736;4858;2009
31.12.2018;5554;      Borken, Kreis;21786;14922;10321;4601;408;4498;1958
31.12.2018;5558;      Coesfeld, Kreis;12665;8426;5822;2604;293;2498;1448
31.12.2018;5562;      Recklinghausen, Kreis;87290;72768;51930;20838;1080;10008;3434
31.12.2018;5566;      Steinfurt, Kreis;31046;22172;15118;7054;601;5857;2416
31.12.2018;5570;      Warendorf, Kreis;21166;15888;11086;4802;332;3467;1479
31.12.2018;57;    Detmold, Regierungsbezirk;185839;141869;98995;42874;3019;28673;12278
31.12.2018;5711;      Bielefeld, Kreisfreie Stadt;44172;35596;24937;10659;826;6547;1203
31.12.2018;5754;      Gütersloh, Kreis;24747;18032;12482;5550;327;4096;2292
31.12.2018;5758;      Herford, Kreis;21002;15731;10747;4984;595;3249;1427
31.12.2018;5762;      Höxter, Kreis;8376;5894;4236;1658;125;1537;820
31.12.2018;5766;      Lippe, Kreis;33065;25845;17994;7851;366;4675;2179
31.12.2018;5770;      Minden-Lübbecke, Kreis;29121;21527;14906;6621;397;4624;2573
31.12.2018;5774;      Paderborn, Kreis;25356;19244;13693;5551;383;3945;1784
31.12.2018;59;    Arnsberg, Regierungsbezirk;420171;337414;239861;97553;6894;57833;18030
31.12.2018;5911;      Bochum, Kreisfreie Stadt;52038;43516;31294;12222;682;6377;1463
31.12.2018;5913;      Dortmund, Kreisfreie Stadt;101188;83639;58845;24794;1543;13138;2868
31.12.2018;5914;      Hagen, Kreisfreie Stadt;30657;25358;17465;7893;496;3925;878
31.12.2018;5915;      Hamm, Kreisfreie Stadt;22089;18423;14208;4215;303;2775;588
31.12.2018;5916;      Herne, Kreisfreie Stadt;26820;22829;16373;6456;368;2898;725
31.12.2018;5954;      Ennepe-Ruhr-Kreis;33331;25772;18376;7396;695;4711;2153
31.12.2018;5958;      Hochsauerlandkreis;17948;12242;8683;3559;448;3587;1671
31.12.2018;5962;      Märkischer Kreis;39963;30679;21513;9166;862;5989;2433
31.12.2018;5966;      Olpe, Kreis;7175;5159;3570;1589;104;1228;684
31.12.2018;5970;      Siegen-Wittgenstein, Kreis;21898;16735;11721;5014;337;3318;1508
31.12.2018;5974;      Soest, Kreis;23288;17178;12236;4942;387;4163;1560
31.12.2018;5978;      Unna, Kreis;43776;35884;25577;10307;669;5724;1499
31.12.2018;6;  Hessen;543127;409809;281214;128595;11037;93081;29200
31.12.2018;64;    Darmstadt, Regierungsbezirk;359719;274734;187231;87503;7264;60565;17156
31.12.2018;6411;      Darmstadt, Kreisfreie Stadt;18163;13691;9031;4660;613;2949;910
31.12.2018;6412;      Frankfurt am Main, Kreisfreie Stadt;90223;68199;47354;20845;1921;17672;2431
31.12.2018;6413;      Offenbach am Main, Kreisfreie Stadt;19896;16394;11060;5334;228;3171;103
31.12.2018;6414;      Wiesbaden, Landeshauptstadt, Kreisfreie Stadt;39515;30671;20618;10053;999;6602;1243
31.12.2018;6431;      Bergstraße, Landkreis;18761;14024;9900;4124;355;2672;1710
31.12.2018;6432;      Darmstadt-Dieburg, Landkreis;19749;15274;10279;4995;335;2784;1356
31.12.2018;6433;      Groß-Gerau, Landkreis;24459;19644;13079;6565;432;3060;1323
31.12.2018;6434;      Hochtaunuskreis;14268;10959;7629;3330;143;2336;830
31.12.2018;6435;      Main-Kinzig-Kreis;32683;24599;16522;8077;558;5593;1933
31.12.2018;6436;      Main-Taunus-Kreis;14346;10660;7167;3493;477;2123;1086
31.12.2018;6437;      Odenwaldkreis;6632;5013;3411;1602;206;1260;153
31.12.2018;6438;      Offenbach, Landkreis;27772;21209;14189;7020;429;4555;1579
31.12.2018;6439;      Rheingau-Taunus-Kreis;12346;9093;6176;2917;233;1978;1042
31.12.2018;6440;      Wetteraukreis;20906;15304;10816;4488;335;3810;1457
31.12.2018;65;    Gießen, Regierungsbezirk;86809;64144;44986;19158;1283;14574;6808
31.12.2018;6531;      Gießen, Landkreis;27049;20034;14366;5668;245;3853;2917
31.12.2018;6532;      Lahn-Dill-Kreis;21981;16589;11509;5080;310;3770;1312
31.12.2018;6533;      Limburg-Weilburg, Landkreis;13687;10229;6992;3237;282;2260;916
31.12.2018;6534;      Marburg-Biedenkopf, Landkreis;17710;13001;9053;3948;346;3225;1138
31.12.2018;6535;      Vogelsbergkreis;6382;4291;3066;1225;100;1466;525
31.12.2018;66;    Kassel, Regierungsbezirk;97116;70931;48997;21934;2471;18488;5226
31.12.2018;6611;      Kassel, Kreisfreie Stadt;31370;24140;16812;7328;903;5586;741
31.12.2018;6631;      Fulda, Landkreis;12795;8766;6038;2728;243;2718;1068
31.12.2018;6632;      Hersfeld-Rotenburg, Landkreis;7585;5504;3696;1808;185;1654;242
31.12.2018;6633;      Kassel, Landkreis;14777;10763;7306;3457;386;2599;1029
31.12.2018;6634;      Schwalm-Eder-Kreis;11524;7902;5460;2442;230;2247;1145
31.12.2018;6635;      Waldeck-Frankenberg, Landkreis;10295;7432;5238;2194;223;1997;643
31.12.2018;6636;      Werra-Meißner-Kreis;8770;6424;4447;1977;301;1687;358
31.12.2018;7;  Rheinland-Pfalz;287580;219510;154604;64906;4687;46845;16538
31.12.2018;71;    Koblenz, Stat. Region;99539;74395;52499;21896;1935;18413;4796
31.12.2018;7111;      Koblenz, Kreisfreie Stadt;12670;9885;6977;2908;166;2178;441
31.12.2018;7131;      Ahrweiler, Landkreis;7454;5754;4053;1701;131;1222;347
31.12.2018;7132;      Altenkirchen (Westerwald), Landkreis;7470;5593;4081;1512;127;1291;459
31.12.2018;7133;      Bad Kreuznach, Landkreis;12724;9852;7018;2834;192;2105;575
31.12.2018;7134;      Birkenfeld, Landkreis;6622;5092;3579;1513;93;1226;211
31.12.2018;7135;      Cochem-Zell, Landkreis;3255;2141;1530;611;57;886;171
31.12.2018;7137;      Mayen-Koblenz, Landkreis;13419;9638;6801;2837;288;2728;765
31.12.2018;7138;      Neuwied, Landkreis;13658;10469;7399;3070;213;2490;486
31.12.2018;7140;      Rhein-Hunsrück-Kreis;5215;3842;2725;1117;96;1067;210
31.12.2018;7141;      Rhein-Lahn-Kreis;7417;5220;3461;1759;288;1432;477
31.12.2018;7143;      Westerwaldkreis;9635;6909;4875;2034;284;1788;654
31.12.2018;72;    Trier, Stat. Region;30351;19728;13805;5923;612;5722;4289
31.12.2018;7211;      Trier, Kreisfreie Stadt;12192;7019;5073;1946;225;1923;3025
31.12.2018;7231;      Bernkastel-Wittlich, Landkreis;5512;3642;2500;1142;165;1236;469
31.12.2018;7232;      Eifelkreis Bitburg-Prüm;4039;2896;1936;960;77;830;236
31.12.2018;7233;      Vulkaneifel, Landkreis;2958;2196;1592;604;32;582;148
31.12.2018;7235;      Trier-Saarburg, Landkreis;5650;3975;2704;1271;113;1151;411
31.12.2018;73;    Rheinhessen-Pfalz, Stat. Region;158030;125387;88300;37087;2126;23064;7453
31.12.2018;7311;      Frankenthal (Pfalz), Kreisfreie Stadt;4525;3760;2586;1174;54;560;151
31.12.2018;7312;      Kaiserslautern, Kreisfreie Stadt;13723;10999;7942;3057;215;2152;357
31.12.2018;7313;      Landau in der Pfalz, Kreisfreie Stadt;3617;2881;2063;818;51;572;113
31.12.2018;7314;      Ludwigshafen am Rhein, Kreisfreie Stadt;23897;20128;13830;6298;236;2730;803
31.12.2018;7315;      Mainz, Kreisfreie Stadt;19809;16132;11451;4681;220;2739;718
31.12.2018;7316;      Neustadt an der Weinstraße, Kreisfreie Stadt;4541;3670;2565;1105;39;695;137
31.12.2018;7317;      Pirmasens, Kreisfreie Stadt;6405;5263;3745;1518;80;853;209
31.12.2018;7318;      Speyer, Kreisfreie Stadt;4332;3421;2562;859;50;721;140
31.12.2018;7319;      Worms, Kreisfreie Stadt;9444;7748;5346;2402;86;1360;250
31.12.2018;7320;      Zweibrücken, Kreisfreie Stadt;3165;2384;1702;682;57;640;84
31.12.2018;7331;      Alzey-Worms, Landkreis;7331;5582;3862;1720;115;1039;595
31.12.2018;7332;      Bad Dürkheim, Landkreis;6898;4973;3512;1461;89;1271;565
31.12.2018;7333;      Donnersbergkreis;4726;3431;2451;980;103;840;352
31.12.2018;7334;      Germersheim, Landkreis;7592;5831;4019;1812;110;1176;475
31.12.2018;7335;      Kaiserslautern, Landkreis;6621;5250;3656;1594;61;823;487
31.12.2018;7336;      Kusel, Landkreis;4514;3579;2624;955;66;688;181
31.12.2018;7337;      Südliche Weinstraße, Landkreis;5711;4290;3011;1279;76;1009;336
31.12.2018;7338;      Rhein-Pfalz-Kreis;6379;4950;3498;1452;77;803;549
31.12.2018;7339;      Mainz-Bingen, Landkreis;11302;8793;6195;2598;268;1666;575
31.12.2018;7340;      Südwestpfalz, Landkreis;3498;2322;1680;642;73;727;376
31.12.2018;8;  Baden-Württemberg, Land;586407;432103;302656;129447;6905;100902;46497
31.12.2018;81;    Stuttgart, Regierungsbezirk;224143;167273;117726;49547;2349;34930;19591
31.12.2018;8111;      Stuttgart, Landeshauptstadt, Stadtkreis;51982;40417;29076;11341;442;8306;2817
31.12.2018;8115;      Böblingen, Landkreis;17247;13213;8979;4234;145;2288;1601
31.12.2018;8116;      Esslingen, Landkreis;27161;20068;14491;5577;203;3586;3304
31.12.2018;8117;      Göppingen, Landkreis;14848;11333;7846;3487;219;2069;1227
31.12.2018;8118;      Ludwigsburg, Landkreis;24060;18122;12343;5779;266;3048;2624
31.12.2018;8119;      Rems-Murr-Kreis, Landkreis;24120;17989;12684;5305;274;3946;1911
31.12.2018;8121;      Heilbronn, Stadtkreis;10283;8101;5741;2360;118;1541;523
31.12.2018;8125;      Heilbronn, Landkreis;15248;11056;7729;3327;203;2124;1865
31.12.2018;8126;      Hohenlohekreis, Landkreis;3395;2138;1575;563;72;754;431
31.12.2018;8127;      Schwäbisch Hall, Landkreis;8917;5540;3818;1722;122;2204;1051
31.12.2018;8128;      Main-Tauber-Kreis, Landkreis;5300;3991;2759;1232;76;951;282
31.12.2018;8135;      Heidenheim, Landkreis;8050;6084;4177;1907;62;1066;838
31.12.2018;8136;      Ostalbkreis, Landkreis;13532;9221;6508;2713;147;3047;1117
31.12.2018;82;    Karlsruhe, Regierungsbezirk;164106;123958;88417;35541;1668;27893;10587
31.12.2018;8211;      Baden-Baden, Stadtkreis;4006;2600;1903;697;71;1078;257
31.12.2018;8212;      Karlsruhe, Stadtkreis;21631;15633;11674;3959;393;4524;1081
31.12.2018;8215;      Karlsruhe, Landkreis;17090;12888;9148;3740;152;2356;1694
31.12.2018;8216;      Rastatt, Landkreis;10433;7598;5301;2297;118;1767;950
31.12.2018;8221;      Heidelberg, Stadtkreis;9204;6400;4683;1717;89;1766;949
31.12.2018;8222;      Mannheim, Stadtkreis;33848;27366;19483;7883;245;5574;663
31.12.2018;8225;      Neckar-Odenwald-Kreis, Landkreis;6570;4308;3086;1222;90;1785;387
31.12.2018;8226;      Rhein-Neckar-Kreis, Landkreis;29668;22550;16211;6339;207;4416;2495
31.12.2018;8231;      Pforzheim, Stadtkreis;13826;11472;7759;3713;110;1738;506
31.12.2018;8235;      Calw, Landkreis;6297;4619;3277;1342;60;1060;558
31.12.2018;8236;      Enzkreis, Landkreis;6802;5161;3501;1660;88;887;666
31.12.2018;8237;      Freudenstadt, Landkreis;4731;3363;2391;972;45;942;381
31.12.2018;83;    Freiburg, Regierungsbezirk;116253;83792;57137;26655;1716;21715;9030
31.12.2018;8311;      Freiburg im Breisgau, Stadtkreis;20027;14920;10461;4459;228;3524;1355
31.12.2018;8315;      Breisgau-Hochschwarzwald, Landkreis;11656;8362;5752;2610;114;1943;1237
31.12.2018;8316;      Emmendingen, Landkreis;7732;5458;3748;1710;115;1500;659
31.12.2018;8317;      Ortenaukreis, Landkreis;20953;15376;10262;5114;201;4026;1350
31.12.2018;8325;      Rottweil, Landkreis;5433;3420;2284;1136;110;1281;622
31.12.2018;8326;      Schwarzwald-Baar-Kreis, Landkreis;10088;6939;4674;2265;204;1985;960
31.12.2018;8327;      Tuttlingen, Landkreis;5828;4368;2919;1449;102;1072;286
31.12.2018;8335;      Konstanz, Landkreis;15531;11415;7757;3658;260;2753;1103
31.12.2018;8336;      Lörrach, Landkreis;11669;8340;5823;2517;180;2215;934
31.12.2018;8337;      Waldshut, Landkreis;7336;5194;3457;1737;202;1416;524
31.12.2018;84;    Tübingen, Regierungsbezirk;81950;57080;39376;17704;1141;16440;7289
31.12.2018;8415;      Reutlingen, Landkreis;16054;11897;8214;3683;149;2836;1172
31.12.2018;8416;      Tübingen, Landkreis;10321;7485;5209;2276;148;1885;803
31.12.2018;8417;      Zollernalbkreis, Landkreis;6763;5229;3733;1496;47;1187;300
31.12.2018;8421;      Ulm, Stadtkreis;7871;5566;3770;1796;215;1619;471
31.12.2018;8425;      Alb-Donau-Kreis, Landkreis;6372;4517;2935;1582;102;1015;738
31.12.2018;8426;      Biberach, Landkreis;7080;4558;3015;1543;129;1520;873
31.12.2018;8435;      Bodenseekreis, Landkreis;9549;6202;4197;2005;175;2367;805
31.12.2018;8436;      Ravensburg, Landkreis;12410;8304;5898;2406;115;2754;1237
31.12.2018;8437;      Sigmaringen, Landkreis;5530;3322;2405;917;61;1257;890
31.12.2018;9;  Bayern;600409;398489;282302;116187;11108;126298;64514
31.12.2018;91;    Oberbayern, Regierungsbezirk;214484;139297;97211;42086;4521;46345;24321
31.12.2018;9161;      Ingolstadt;9278;5735;4030;1705;166;1796;1581
31.12.2018;9162;      München, Landeshauptstadt;98005;69449;48397;21052;2809;20581;5166
31.12.2018;9163;      Rosenheim;4343;3049;2155;894;66;852;376
31.12.2018;9171;      Altötting, Landkreis;5341;3258;2300;958;106;1334;643
31.12.2018;9172;      Berchtesgadener Land, Landkreis;4448;2873;1957;916;61;1100;414
31.12.2018;9173;      Bad Tölz-Wolfratshausen, Landkreis;4931;2734;1889;845;112;1209;876
31.12.2018;9174;      Dachau, Landkreis;4523;2323;1618;705;71;1342;787
31.12.2018;9175;      Ebersberg, Landkreis;3341;2081;1455;626;26;793;441
31.12.2018;9176;      Eichstätt, Landkreis;3110;1523;1033;490;28;416;1143
31.12.2018;9177;      Erding, Landkreis;4025;2402;1599;803;66;909;648
31.12.2018;9178;      Freising, Landkreis;4519;2623;1901;722;56;758;1082
31.12.2018;9179;      Fürstenfeldbruck, Landkreis;9713;6632;4448;2184;97;1321;1663
31.12.2018;9180;      Garmisch-Partenkirchen, Landkreis;4089;2576;1817;759;55;795;663
31.12.2018;9181;      Landsberg am Lech, Landkreis;3810;2376;1731;645;63;960;411
31.12.2018;9182;      Miesbach, Landkreis;2621;1450;1066;384;48;717;406
31.12.2018;9183;      Mühldorf a.Inn, Landkreis;5942;3612;2599;1013;57;1460;813
31.12.2018;9184;      München, Landkreis;11836;7584;5122;2462;150;2418;1684
31.12.2018;9185;      Neuburg-Schrobenhausen, Landkreis;2886;1772;1211;561;48;576;490
31.12.2018;9186;      Pfaffenhofen a.d.Ilm, Landkreis;3018;1377;1003;374;67;710;864
31.12.2018;9187;      Rosenheim, Landkreis;8254;4511;3184;1327;153;2395;1195
31.12.2018;9188;      Starnberg, Landkreis;4646;2517;1741;776;70;967;1092
31.12.2018;9189;      Traunstein, Landkreis;6436;3647;2683;964;101;1689;999
31.12.2018;9190;      Weilheim-Schongau, Landkreis;5369;3193;2272;921;45;1247;884
31.12.2018;92;    Niederbayern, Regierungsbezirk;47093;30646;22028;8618;843;10153;5451
31.12.2018;9261;      Landshut;4659;3097;2268;829;176;911;475
31.12.2018;9262;      Passau;3922;2679;1982;697;65;862;316
31.12.2018;9263;      Straubing;4166;2574;1931;643;64;1272;256
31.12.2018;9271;      Deggendorf, Landkreis;4480;2774;2000;774;117;1094;495
31.12.2018;9272;      Freyung-Grafenau, Landkreis;1948;1089;851;238;30;529;300
31.12.2018;9273;      Kelheim, Landkreis;3276;2208;1599;609;44;671;353
31.12.2018;9274;      Landshut, Landkreis;3969;2568;1843;725;52;701;648
31.12.2018;9275;      Passau, Landkreis;7960;5118;3456;1662;110;1585;1147
31.12.2018;9276;      Regen, Landkreis;3057;2058;1479;579;56;639;304
31.12.2018;9277;      Rottal-Inn, Landkreis;4356;3008;2108;900;61;818;469
31.12.2018;9278;      Straubing-Bogen, Landkreis;2686;1671;1195;476;45;560;410
31.12.2018;9279;      Dingolfing-Landau, Landkreis;2614;1802;1316;486;23;511;278
31.12.2018;93;    Oberpfalz, Regierungsbezirk;45792;28817;20920;7897;884;10868;5223
31.12.2018;9361;      Amberg;3195;2226;1603;623;49;700;220
31.12.2018;9362;      Regensburg;10509;6533;4824;1709;278;2308;1390
31.12.2018;9363;      Weiden i.d.OPf.;4144;2917;2124;793;116;750;361
31.12.2018;9371;      Amberg-Sulzbach, Landkreis;3466;2121;1525;596;49;1009;287
31.12.2018;9372;      Cham, Landkreis;4153;2391;1690;701;55;1141;566
31.12.2018;9373;      Neumarkt i.d.OPf., Landkreis;3472;1958;1402;556;73;1035;406
31.12.2018;9374;      Neustadt a.d.Waldnaab, Landkreis;3409;2262;1631;631;49;792;306
31.12.2018;9375;      Regensburg, Landkreis;5319;3467;2500;967;93;1029;730
31.12.2018;9376;      Schwandorf, Landkreis;5548;3244;2315;929;85;1520;699
31.12.2018;9377;      Tirschenreuth, Landkreis;2577;1698;1306;392;37;584;258
31.12.2018;94;    Oberfranken, Regierungsbezirk;52947;36479;26457;10022;905;9442;6121
31.12.2018;9461;      Bamberg;6212;3427;2488;939;112;1053;1620
31.12.2018;9462;      Bayreuth;5795;3818;2866;952;235;1298;444
31.12.2018;9463;      Coburg;3327;2439;1781;658;45;534;309
31.12.2018;9464;      Hof;6138;4891;3353;1538;67;831;349
31.12.2018;9471;      Bamberg, Landkreis;3675;2581;1876;705;65;627;402
31.12.2018;9472;      Bayreuth, Landkreis;2816;2006;1487;519;31;495;284
31.12.2018;9473;      Coburg, Landkreis;3555;2552;1812;740;39;575;389
31.12.2018;9474;      Forchheim, Landkreis;3786;2716;1936;780;63;659;348
31.12.2018;9475;      Hof, Landkreis;4137;2666;1933;733;85;807;579
31.12.2018;9476;      Kronach, Landkreis;2299;1488;1095;393;43;498;270
31.12.2018;9477;      Kulmbach, Landkreis;3269;2169;1666;503;38;817;245
31.12.2018;9478;      Lichtenfels, Landkreis;2904;1883;1383;500;30;645;346
31.12.2018;9479;      Wunsiedel i.Fichtelgebirge, Landkreis;5034;3843;2781;1062;52;603;536
31.12.2018;95;    Mittelfranken, Regierungsbezirk;108469;74972;53256;21716;1762;21394;10341
31.12.2018;9561;      Ansbach;5022;2572;1725;847;324;1775;351
31.12.2018;9562;      Erlangen;6347;4510;3200;1310;125;1097;615
31.12.2018;9563;      Fürth;10872;8567;6178;2389;118;1451;736
31.12.2018;9564;      Nürnberg;54663;40043;28626;11417;824;9510;4286
31.12.2018;9565;      Schwabach;2394;1717;1236;481;35;416;226
31.12.2018;9571;      Ansbach, Landkreis;4816;2426;1722;704;69;1525;796
31.12.2018;9572;      Erlangen-Höchstadt, Landkreis;3550;2273;1588;685;38;709;530
31.12.2018;9573;      Fürth, Landkreis;3052;2197;1620;577;38;495;322
31.12.2018;9574;      Nürnberger Land, Landkreis;6087;3964;2741;1223;63;1214;846
31.12.2018;9575;      Neustadt a.d.Aisch-Bad Windsheim, Landkreis;3512;2231;1443;788;38;807;436
31.12.2018;9576;      Roth, Landkreis;4080;2177;1564;613;39;1118;746
31.12.2018;9577;      Weißenburg-Gunzenhausen, Landkreis;4074;2295;1613;682;51;1277;451
31.12.2018;96;    Unterfranken, Regierungsbezirk;58509;40067;28018;12049;957;12465;5020
31.12.2018;9661;      Aschaffenburg;6991;5048;3564;1484;115;1354;474
31.12.2018;9662;      Schweinfurt;6991;4698;3274;1424;119;1226;948
31.12.2018;9663;      Würzburg;9404;6256;4503;1753;181;2382;585
31.12.2018;9671;      Aschaffenburg, Landkreis;6381;5010;3298;1712;87;858;426
31.12.2018;9672;      Bad Kissingen, Landkreis;4174;2550;1827;723;81;1214;329
31.12.2018;9673;      Rhön-Grabfeld, Landkreis;2565;1542;1138;404;29;700;294
31.12.2018;9674;      Haßberge, Landkreis;2735;1807;1278;529;45;693;190
31.12.2018;9675;      Kitzingen, Landkreis;2957;1833;1261;572;43;703;378
31.12.2018;9676;      Miltenberg, Landkreis;4765;3400;2410;990;101;887;377
31.12.2018;9677;      Main-Spessart, Landkreis;3714;2486;1657;829;61;886;281
31.12.2018;9678;      Schweinfurt, Landkreis;3253;2259;1571;688;35;595;364
31.12.2018;9679;      Würzburg, Landkreis;4579;3178;2237;941;60;967;374
31.12.2018;97;    Schwaben, Regierungsbezirk;73674;48211;34412;13799;1211;16216;8036
31.12.2018;9761;      Augsburg;21851;16018;11642;4376;336;4386;1111
31.12.2018;9762;      Kaufbeuren;2936;1983;1443;540;64;733;156
31.12.2018;9763;      Kempten (Allgäu);4126;2565;1847;718;119;1094;348
31.12.2018;9764;      Memmingen;1897;1265;919;346;48;456;128
31.12.2018;9771;      Aichach-Friedberg, Landkreis;3325;2215;1532;683;28;569;513
31.12.2018;9772;      Augsburg, Landkreis;7957;5645;3922;1723;81;1185;1046
31.12.2018;9773;      Dillingen a.d.Donau, Landkreis;3817;2334;1568;766;44;978;461
31.12.2018;9774;      Günzburg, Landkreis;4116;2225;1516;709;65;1349;477
31.12.2018;9775;      Neu-Ulm, Landkreis;6020;3984;2838;1146;140;1219;677
31.12.2018;9776;      Lindau (Bodensee), Landkreis;3015;1793;1280;513;69;810;343
31.12.2018;9777;      Ostallgäu, Landkreis;3713;2448;1732;716;64;805;396
31.12.2018;9778;      Unterallgäu, Landkreis;3218;1652;1205;447;43;791;732
31.12.2018;9779;      Donau-Ries, Landkreis;3702;1672;1207;465;33;916;1081
31.12.2018;9780;      Oberallgäu, Landkreis;3981;2412;1761;651;77;925;567
31.12.2018;10;  Saarland;102085;83429;59813;23616;1019;16124;1513
31.12.2018;10041;      Saarbrücken, Regionalverband;49896;42276;30567;11709;430;6961;229
31.12.2018;10041100;      Saarbrücken, Landeshauptstadt;33511;28195;20604;7591;319;4825;172
31.12.2018;10042;      Merzig-Wadern, Landkreis;6362;4925;3501;1424;67;1354;16
31.12.2018;10043;      Neunkirchen, Landkreis;14649;12086;8492;3594;146;2338;79
31.12.2018;10044;      Saarlouis, Landkreis;15826;11806;8493;3313;210;2714;1096
31.12.2018;10045;      Saarpfalz-Kreis;10539;8627;6147;2480;104;1765;43
31.12.2018;10046;      St. Wendel, Landkreis;4871;3709;2613;1096;52;1060;50
31.12.2018;11;  Berlin;612398;495780;353903;141877;9228;82294;25096
31.12.2018;11001001;      Berlin-Mitte;.;74650;52778;21872;1134;.;735
31.12.2018;11002002;      Berlin-Friedrichshain-Kreuzberg;.;44210;33073;11137;715;.;427
31.12.2018;11003003;      Berlin-Pankow;.;30644;23518;7126;776;.;476
31.12.2018;11004004;      Berlin-Charlottenburg-Wilmersdorf;.;29280;22136;7144;584;.;371
31.12.2018;11005005;      Berlin-Spandau;.;44035;30206;13829;789;.;396
31.12.2018;11006006;      Berlin-Steglitz-Zehlendorf;.;17724;13073;4651;424;.;321
31.12.2018;11007007;      Berlin-Tempelhof-Schöneberg;.;44597;31996;12601;781;.;451
31.12.2018;11008008;      Berlin-Neukölln;.;65724;46027;19697;1008;.;636
31.12.2018;11009009;      Berlin-Treptow-Köpenick;.;25953;18809;7144;563;.;360
31.12.2018;11010010;      Berlin-Marzahn-Hellersdorf;.;38439;26450;11989;901;.;370
31.12.2018;11011011;      Berlin-Lichtenberg;.;38822;27461;11361;863;.;316
31.12.2018;11012012;      Berlin-Reinickendorf;.;41702;28376;13326;690;.;455
31.12.2018;12;  Brandenburg;217825;173972;130905;43067;3660;24943;15250
31.12.2018;12051;      Brandenburg an der Havel, Kreisfreie Stadt;10262;8547;6305;2242;220;1182;313
31.12.2018;12052;      Cottbus, Kreisfreie Stadt;14102;12195;8980;3215;152;1213;542
31.12.2018;12053;      Frankfurt (Oder), Kreisfreie Stadt;8359;6863;5027;1836;105;1009;382
31.12.2018;12054;      Potsdam, Kreisfreie Stadt;16211;13216;9548;3668;245;1823;927
31.12.2018;12060;      Barnim, Landkreis;14312;11423;8540;2883;220;1809;860
31.12.2018;12061;      Dahme-Spreewald, Landkreis;10310;7930;5841;2089;174;1125;1081
31.12.2018;12062;      Elbe-Elster, Landkreis;9059;7482;5651;1831;110;1008;459
31.12.2018;12063;      Havelland, Landkreis;11789;9040;6792;2248;364;1608;777
31.12.2018;12064;      Märkisch-Oderland, Landkreis;14684;11819;9015;2804;268;1471;1126
31.12.2018;12065;      Oberhavel, Landkreis;14752;11494;8687;2807;276;1770;1212
31.12.2018;12066;      Oberspreewald-Lausitz, Landkreis;11325;9564;7386;2178;144;1070;547
31.12.2018;12067;      Oder-Spree, Landkreis;17389;12420;9463;2957;235;1956;2778
31.12.2018;12068;      Ostprignitz-Ruppin, Landkreis;9752;7424;5808;1616;209;1520;599
31.12.2018;12069;      Potsdam-Mittelmark, Landkreis;9865;7211;5444;1767;173;1469;1012
31.12.2018;12070;      Prignitz, Landkreis;8524;6877;5126;1751;149;1091;407
31.12.2018;12071;      Spree-Neiße, Landkreis;9767;7926;6139;1787;139;1153;549
31.12.2018;12072;      Teltow-Fläming, Landkreis;11305;8653;6453;2200;216;1583;853
31.12.2018;12073;      Uckermark, Landkreis;16447;13888;10700;3188;226;1519;814
31.12.2018;13;  Mecklenburg-Vorpommern;162912;132168;99327;32841;3507;21384;5853
31.12.2018;13001;      Kreisfreie Stadt Greifswald, Hansestadt;-;-;-;-;-;-;-
31.12.2018;13002;      Kreisfreie Stadt Neubrandenburg, Stadt;-;-;-;-;-;-;-
31.12.2018;13003;      Kreisfreie Stadt Rostock, Hansestadt;24923;20293;15023;5270;656;3421;553
31.12.2018;13004;      Kreisfreie Stadt Schwerin, Landeshauptstadt;14077;11643;8432;3211;342;1881;211
31.12.2018;13005;      Kreisfreie Stadt Stralsund, Hansestadt;-;-;-;-;-;-;-
31.12.2018;13006;      Kreisfreie Stadt Wismar, Hansestadt;-;-;-;-;-;-;-
31.12.2018;13051;      Landkreis Bad Doberan;-;-;-;-;-;-;-
31.12.2018;13052;      Landkreis Demmin;-;-;-;-;-;-;-
31.12.2018;13053;      Landkreis Güstrow;-;-;-;-;-;-;-
31.12.2018;13054;      Landkreis Ludwigslust;-;-;-;-;-;-;-
31.12.2018;13055;      Landkreis Mecklenburg-Strelitz;-;-;-;-;-;-;-
31.12.2018;13056;      Landkreis Müritz;-;-;-;-;-;-;-
31.12.2018;13057;      Landkreis Nordvorpommern;-;-;-;-;-;-;-
31.12.2018;13058;      Landkreis Nordwestmecklenburg;-;-;-;-;-;-;-
31.12.2018;13059;      Landkreis Ostvorpommern;-;-;-;-;-;-;-
31.12.2018;13060;      Landkreis Parchim;-;-;-;-;-;-;-
31.12.2018;13061;      Landkreis Rügen;-;-;-;-;-;-;-
31.12.2018;13062;      Landkreis Uecker-Randow;-;-;-;-;-;-;-
31.12.2018;13071;      Landkreis Mecklenburgische Seenplatte;29044;24200;18518;5682;591;3175;1078
31.12.2018;13072;      Landkreis Rostock;16385;12949;9763;3186;281;2292;863
31.12.2018;13073;      Landkreis Vorpommern-Rügen;22934;18777;14189;4588;483;2828;846
31.12.2018;13074;      Landkreis Nordwestmecklenburg;12825;10085;7486;2599;418;1986;336
31.12.2018;13075;      Landkreis Vorpommern-Greifswald;25707;21309;16292;5017;407;3092;899
31.12.2018;13076;      Landkreis Ludwigslust-Parchim;16909;12912;9624;3288;314;2616;1067
31.12.2018;14;  Sachsen;327263;270247;202827;67420;5454;30365;21197
31.12.2018;141;    Chemnitz, Regierungsbezirk;-;-;-;-;-;-;-
31.12.2018;14161;      Chemnitz, Kreisfreie Stadt;-;-;-;-;-;-;-
31.12.2018;14166;      Plauen, Kreisfreie Stadt;-;-;-;-;-;-;-
31.12.2018;14167;      Zwickau, Kreisfreie Stadt;-;-;-;-;-;-;-
31.12.2018;14171;      Annaberg, Landkreis;-;-;-;-;-;-;-
31.12.2018;14173;      Chemnitzer Land, Landkreis;-;-;-;-;-;-;-
31.12.2018;14177;      Freiberg, Landkreis;-;-;-;-;-;-;-
31.12.2018;14178;      Vogtlandkreis;-;-;-;-;-;-;-
31.12.2018;14181;      Mittlerer Erzgebirgskreis;-;-;-;-;-;-;-
31.12.2018;14182;      Mittweida, Landkreis;-;-;-;-;-;-;-
31.12.2018;14188;      Stollberg, Landkreis;-;-;-;-;-;-;-
31.12.2018;14191;      Aue-Schwarzenberg, Landkreis;-;-;-;-;-;-;-
31.12.2018;14193;      Zwickauer Land, Landkreis;-;-;-;-;-;-;-
31.12.2018;142;    Dresden, Regierungsbezirk;-;-;-;-;-;-;-
31.12.2018;14262;      Dresden, Kreisfreie Stadt;-;-;-;-;-;-;-
31.12.2018;14263;      Görlitz, Kreisfreie Stadt;-;-;-;-;-;-;-
31.12.2018;14264;      Hoyerswerda, Kreisfreie Stadt;-;-;-;-;-;-;-
31.12.2018;14272;      Bautzen, Landkreis;-;-;-;-;-;-;-
31.12.2018;14280;      Meißen, Landkreis;-;-;-;-;-;-;-
31.12.2018;14284;      Niederschlesischer Oberlausitzkreis;-;-;-;-;-;-;-
31.12.2018;14285;      Riesa-Großenhain, Landkreis;-;-;-;-;-;-;-
31.12.2018;14286;      Löbau-Zittau, Landkreis;-;-;-;-;-;-;-
31.12.2018;14287;      Sächsische Schweiz, Landkreis;-;-;-;-;-;-;-
31.12.2018;14290;      Weißeritzkreis;-;-;-;-;-;-;-
31.12.2018;14292;      Kamenz, Landkreis;-;-;-;-;-;-;-
31.12.2018;143;    Leipzig, Regierungsbezirk;-;-;-;-;-;-;-
31.12.2018;14365;      Leipzig, Kreisfreie Stadt;-;-;-;-;-;-;-
31.12.2018;14374;      Delitzsch, Landkreis;-;-;-;-;-;-;-
31.12.2018;14375;      Döbeln, Landkreis;-;-;-;-;-;-;-
31.12.2018;14379;      Leipziger Land, Landkreis;-;-;-;-;-;-;-
31.12.2018;14383;      Muldentalkreis;-;-;-;-;-;-;-
31.12.2018;14389;      Torgau-Oschatz, Landkreis;-;-;-;-;-;-;-
31.12.2018;145;    Chemnitz, Stat. Region;98874;79429;59965;19464;1695;9876;7874
31.12.2018;14511;      Chemnitz, Stadt;25398;20941;15231;5710;418;2312;1727
31.12.2018;14521;      Erzgebirgskreis;18573;14339;11253;3086;288;2096;1850
31.12.2018;14522;      Mittelsachsen, Landkreis;18358;14916;11459;3457;290;1781;1371
31.12.2018;14523;      Vogtlandkreis;14965;11722;8878;2844;352;1649;1242
31.12.2018;14524;      Zwickau, Landkreis;21580;17511;13144;4367;347;2038;1684
31.12.2018;146;    Dresden, Stat. Region;124198;102487;77661;24826;2229;11836;7646
31.12.2018;14612;      Dresden, Stadt;48442;40183;29744;10439;757;4244;3258
31.12.2018;14625;      Bautzen, Landkreis;19252;15556;12060;3496;359;1991;1346
31.12.2018;14626;      Görlitz, Landkreis;24359;20346;15935;4411;389;2610;1014
31.12.2018;14627;      Meißen, Landkreis;16344;13381;10239;3142;452;1558;953
31.12.2018;14628;      Sächsische Schweiz-Osterzgebirge, Landkreis;15801;13021;9683;3338;272;1433;1075
31.12.2018;147;    Leipzig, Stat. Region;104072;88331;65201;23130;1502;8564;5675
31.12.2018;14713;      Leipzig, Stadt;69357;59997;43478;16519;1005;5297;3058
31.12.2018;14729;      Leipzig, Landkreis;18201;14914;11415;3499;245;1809;1233
31.12.2018;14730;      Nordsachsen, Landkreis;16514;13420;10308;3112;252;1458;1384
31.12.2018;15;  Sachsen-Anhalt;238823;203497;153203;50294;3893;22688;8745
31.12.2018;15001;      Dessau-Roßlau, Kreisfreie Stadt;9201;7903;5888;2015;122;888;288
31.12.2018;15002;      Halle (Saale), Kreisfreie Stadt;36935;32569;22723;9846;518;2857;991
31.12.2018;15003;      Magdeburg, Kreisfreie Stadt;32691;28399;20959;7440;494;2686;1112
31.12.2018;15081;      Altmarkkreis Salzwedel;7391;5844;4572;1272;174;1025;348
31.12.2018;15082;      Anhalt-Bitterfeld, Landkreis;16218;14032;10884;3148;248;1417;521
31.12.2018;15083;      Börde, Landkreis;12571;10059;7747;2312;181;1461;870
31.12.2018;15084;      Burgenlandkreis;18139;15571;12143;3428;226;1612;730
31.12.2018;15085;      Harz, Landkreis;18732;14775;11759;3016;362;2319;1276
31.12.2018;15086;      Jerichower Land, Landkreis;7599;6419;4910;1509;200;737;243
31.12.2018;15087;      Mansfeld-Südharz, Landkreis;15914;13754;10438;3316;260;1498;402
31.12.2018;15088;      Saalekreis;16607;14359;10755;3604;249;1413;586
31.12.2018;15089;      Salzlandkreis;21845;18585;14408;4177;458;2176;626
31.12.2018;15090;      Stendal, Landkreis;13507;11599;8832;2767;199;1467;242
31.12.2018;15091;      Wittenberg, Landkreis;11322;9629;7185;2444;182;1003;508
31.12.2018;151;    Dessau, Stat. Region;-;-;-;-;-;-;-
31.12.2018;15101;      Dessau, Kreisfreie Stadt;-;-;-;-;-;-;-
31.12.2018;15151;      Anhalt-Zerbst, Kreis;-;-;-;-;-;-;-
31.12.2018;15153;      Bernburg, Kreis;-;-;-;-;-;-;-
31.12.2018;15154;      Bitterfeld, Kreis;-;-;-;-;-;-;-
31.12.2018;15159;      Köthen, Kreis;-;-;-;-;-;-;-
31.12.2018;15171;      Wittenberg, Kreis;-;-;-;-;-;-;-
31.12.2018;152;    Halle, Stat. Region;-;-;-;-;-;-;-
31.12.2018;15202;      Halle (Saale), Kreisfreie Stadt;-;-;-;-;-;-;-
31.12.2018;15256;      Burgenlandkreis;-;-;-;-;-;-;-
31.12.2018;15260;      Mansfelder Land, Kreis;-;-;-;-;-;-;-
31.12.2018;15261;      Merseburg-Querfurt, Kreis;-;-;-;-;-;-;-
31.12.2018;15265;      Saalkreis;-;-;-;-;-;-;-
31.12.2018;15266;      Sangerhausen, Kreis;-;-;-;-;-;-;-
31.12.2018;15268;      Weißenfels, Kreis;-;-;-;-;-;-;-
31.12.2018;153;    Magdeburg, Stat. Region;-;-;-;-;-;-;-
31.12.2018;15303;      Magdeburg, Kreisfreie Stadt;-;-;-;-;-;-;-
31.12.2018;15352;      Aschersleben-Staßfurt, Kreis;-;-;-;-;-;-;-
31.12.2018;15355;      Bördekreis;-;-;-;-;-;-;-
31.12.2018;15357;      Halberstadt, Kreis;-;-;-;-;-;-;-
31.12.2018;15358;      Jerichower Land, Kreis;-;-;-;-;-;-;-
31.12.2018;15362;      Ohrekreis;-;-;-;-;-;-;-
31.12.2018;15363;      Stendal, Kreis;-;-;-;-;-;-;-
31.12.2018;15364;      Quedlinburg, Kreis;-;-;-;-;-;-;-
31.12.2018;15367;      Schönebeck, Kreis;-;-;-;-;-;-;-
31.12.2018;15369;      Wernigerode, Kreis;-;-;-;-;-;-;-
31.12.2018;15370;      Altmarkkreis Salzwedel, Kreis;-;-;-;-;-;-;-
31.12.2018;16;  Thüringen;159013;131529;96654;34875;3126;16499;7859
31.12.2018;16051;      Erfurt, krsfr. Stadt;22628;18907;13127;5780;520;2240;961
31.12.2018;16052;      Gera, krsfr. Stadt;12312;10734;7875;2859;190;934;454
31.12.2018;16053;      Jena, krsfr. Stadt;8009;6693;4911;1782;168;819;329
31.12.2018;16054;      Suhl, krsfr. Stadt;2478;1737;1338;399;51;250;440
31.12.2018;16055;      Weimar, krsfr. Stadt;6315;5220;3821;1399;226;638;231
31.12.2018;16056;      Eisenach, krsfr. Stadt;4487;3758;2666;1092;119;488;122
31.12.2018;16061;      Eichsfeld, Kreis;4854;3792;2796;996;58;733;271
31.12.2018;16062;      Nordhausen, Kreis;7820;6611;4865;1746;128;784;297
31.12.2018;16063;      Wartburgkreis;5758;4447;3326;1121;76;673;562
31.12.2018;16064;      Unstrut-Hainich-Kreis;8778;7442;5427;2015;151;791;394
31.12.2018;16065;      Kyffhäuserkreis;7437;6258;4782;1476;128;703;348
31.12.2018;16066;      Schmalkalden-Meiningen, Kreis;5746;4623;3449;1174;110;711;302
31.12.2018;16067;      Gotha, Kreis;9047;7707;5562;2145;185;740;415
31.12.2018;16068;      Sömmerda, Kreis;4602;3743;2808;935;106;584;169
31.12.2018;16069;      Hildburghausen, Kreis;2781;1941;1443;498;50;487;303
31.12.2018;16070;      Ilm-Kreis;8154;6520;4874;1646;182;793;659
31.12.2018;16071;      Weimarer Land, Kreis;5063;4129;2990;1139;73;514;347
31.12.2018;16072;      Sonneberg, Kreis;2800;2072;1536;536;85;466;177
31.12.2018;16073;      Saalfeld-Rudolstadt, Kreis;6885;5661;4348;1313;114;816;294
31.12.2018;16074;      Saale-Holzland-Kreis;4103;3550;2746;804;76;453;24
31.12.2018;16075;      Saale-Orla-Kreis;4742;3734;2738;996;68;640;300
31.12.2018;16076;      Greiz, Kreis;5428;4495;3465;1030;120;560;253
31.12.2018;16077;      Altenburger Land, Kreis;8756;7755;5761;1994;118;676;207
__________;;;;;;;;;
"zu ""gesamter Tabelle"":
Deutschlandergebnis (31.12.2010): ohne Korrekturlieferung
aus Nordrhein-Westfalen";;;;;;;;;
"© Statistische Ämter des Bundes und der Länder, Deutschland, 2020.
Dieses Werk ist lizenziert unter der Datenlizenz Deutschland
- Namensnennung - Version 2.0.";;;;;;;;;
Stand: 16.08.2020 / 17:16:12;;;;;;;;;
